"Período";"Producción Petrolera Nacional en Barriles - Diaria"
"2018-01-01 00:00:00";519511,99
"2018-01-02 00:00:00";519893,73
"2018-01-03 00:00:00";517992,84
"2018-01-04 00:00:00";516203,5
"2018-01-05 00:00:00";513251,01
"2018-01-06 00:00:00";515995,23
"2018-01-07 00:00:00";513215,55
"2018-01-08 00:00:00";512831,05
"2018-01-09 00:00:00";508896,08
"2018-01-10 00:00:00";512725,47
"2018-01-11 00:00:00";514122,42
"2018-01-12 00:00:00";513846,57
"2018-01-13 00:00:00";513303,7
"2018-01-14 00:00:00";514426,13
"2018-01-15 00:00:00";513610,92
"2018-01-16 00:00:00";511646,07
"2018-01-17 00:00:00";513737,49
"2018-01-18 00:00:00";512890,76
"2018-01-19 00:00:00";513507,13
"2018-01-20 00:00:00";506669,27
"2018-01-21 00:00:00";510710,94
"2018-01-22 00:00:00";507496,28
"2018-01-23 00:00:00";509224,23
"2018-01-24 00:00:00";508219,06
"2018-01-25 00:00:00";509876,76
"2018-01-26 00:00:00";510897,97
"2018-01-27 00:00:00";512584,86
"2018-01-28 00:00:00";513154,17
"2018-01-29 00:00:00";513208,77
"2018-01-30 00:00:00";513273,76
"2018-01-31 00:00:00";512675,22
"2018-02-01 00:00:00";513844,61
"2018-02-02 00:00:00";513724,21
"2018-02-03 00:00:00";513189,12
"2018-02-04 00:00:00";510272,62
"2018-02-05 00:00:00";509657,38
"2018-02-06 00:00:00";512735,24
"2018-02-07 00:00:00";512482,3
"2018-02-08 00:00:00";512458,44
"2018-02-09 00:00:00";504478,34
"2018-02-10 00:00:00";512467,74
"2018-02-11 00:00:00";512443,45
"2018-02-12 00:00:00";513214,43
"2018-02-13 00:00:00";511041,17
"2018-02-14 00:00:00";511899,16
"2018-02-15 00:00:00";513905,82
"2018-02-16 00:00:00";514065,48
"2018-02-17 00:00:00";513952,64
"2018-02-18 00:00:00";514156,77
"2018-02-19 00:00:00";514268,94
"2018-02-20 00:00:00";514761,61
"2018-02-21 00:00:00";514702,38
"2018-02-22 00:00:00";513754,63
"2018-02-23 00:00:00";515069,85
"2018-02-24 00:00:00";503971,47
"2018-02-25 00:00:00";513119,81
"2018-02-26 00:00:00";513475,36
"2018-02-27 00:00:00";516922,17
"2018-02-28 00:00:00";515268,7
"2018-03-01 00:00:00";512476,53
"2018-03-02 00:00:00";510574,01
"2018-03-03 00:00:00";510047,36
"2018-03-04 00:00:00";514820,74
"2018-03-05 00:00:00";512578,62
"2018-03-06 00:00:00";513706,62
"2018-03-07 00:00:00";513026,42
"2018-03-08 00:00:00";512499,9
"2018-03-09 00:00:00";513269,06
"2018-03-10 00:00:00";507501,2
"2018-03-11 00:00:00";514855,11
"2018-03-12 00:00:00";515463,78
"2018-03-13 00:00:00";514599,34
"2018-03-14 00:00:00";511836,44
"2018-03-15 00:00:00";510405,65
"2018-03-16 00:00:00";510503,06
"2018-03-17 00:00:00";507421,16
"2018-03-18 00:00:00";509750,66
"2018-03-19 00:00:00";506327,14
"2018-03-20 00:00:00";510303,04
"2018-03-21 00:00:00";511344,17
"2018-03-22 00:00:00";510727,64
"2018-03-23 00:00:00";510411,65
"2018-03-24 00:00:00";510330,57
"2018-03-25 00:00:00";511742,86
"2018-03-26 00:00:00";509869,86
"2018-03-27 00:00:00";506933,1
"2018-03-28 00:00:00";511665,84
"2018-03-29 00:00:00";512294,42
"2018-03-30 00:00:00";510572,29
"2018-03-31 00:00:00";511023,94
"2018-04-01 00:00:00";510723,21
"2018-04-02 00:00:00";511462,57
"2018-04-03 00:00:00";512280,62
"2018-04-04 00:00:00";514421,64
"2018-04-05 00:00:00";515380,26
"2018-04-06 00:00:00";515029,41
"2018-04-07 00:00:00";515584,05
"2018-04-08 00:00:00";517678,22
"2018-04-09 00:00:00";516946,99
"2018-04-10 00:00:00";517703,61
"2018-04-11 00:00:00";516188,61
"2018-04-12 00:00:00";517068,91
"2018-04-13 00:00:00";517369,63
"2018-04-14 00:00:00";518233,88
"2018-04-15 00:00:00";518899,95
"2018-04-16 00:00:00";518539,63
"2018-04-17 00:00:00";519638,37
"2018-04-18 00:00:00";519448
"2018-04-19 00:00:00";518914,59
"2018-04-20 00:00:00";517976,33
"2018-04-21 00:00:00";517605,52
"2018-04-22 00:00:00";516650,09
"2018-04-23 00:00:00";520051,79
"2018-04-24 00:00:00";517384,01
"2018-04-25 00:00:00";515214,24
"2018-04-26 00:00:00";516843,32
"2018-04-27 00:00:00";518648,35
"2018-04-28 00:00:00";516954
"2018-04-29 00:00:00";515342,44
"2018-04-30 00:00:00";513777,16
"2018-05-01 00:00:00";514457,95
"2018-05-02 00:00:00";513237,91
"2018-05-03 00:00:00";512851,67
"2018-05-04 00:00:00";513988,79
"2018-05-05 00:00:00";512727,4
"2018-05-06 00:00:00";507081,49
"2018-05-07 00:00:00";512119,84
"2018-05-08 00:00:00";512528,85
"2018-05-09 00:00:00";509709,31
"2018-05-10 00:00:00";511138,95
"2018-05-11 00:00:00";509230
"2018-05-12 00:00:00";510665,94
"2018-05-13 00:00:00";510575,59
"2018-05-14 00:00:00";511009,21
"2018-05-15 00:00:00";517074,71
"2018-05-16 00:00:00";517395,98
"2018-05-17 00:00:00";517827,85
"2018-05-18 00:00:00";516646,39
"2018-05-19 00:00:00";517789,41
"2018-05-20 00:00:00";515864,09
"2018-05-21 00:00:00";515858,9
"2018-05-22 00:00:00";521840,25
"2018-05-23 00:00:00";521647,48
"2018-05-24 00:00:00";520461,57
"2018-05-25 00:00:00";521449,25
"2018-05-26 00:00:00";522936,32
"2018-05-27 00:00:00";522369,9
"2018-05-28 00:00:00";516408,58
"2018-05-29 00:00:00";518159,88
"2018-05-30 00:00:00";519412,84
"2018-05-31 00:00:00";520275,84
"2018-06-01 00:00:00";518165,59
"2018-06-02 00:00:00";518265,13
"2018-06-03 00:00:00";516879,39
"2018-06-04 00:00:00";515048,98
"2018-06-05 00:00:00";517841,75
"2018-06-06 00:00:00";518180,91
"2018-06-07 00:00:00";512426,79
"2018-06-08 00:00:00";514079,54
"2018-06-09 00:00:00";514146,88
"2018-06-10 00:00:00";516770,49
"2018-06-11 00:00:00";516645,13
"2018-06-12 00:00:00";517013,87
"2018-06-13 00:00:00";518447,21
"2018-06-14 00:00:00";518347,21
"2018-06-15 00:00:00";516385,54
"2018-06-16 00:00:00";515569,05
"2018-06-17 00:00:00";516343,23
"2018-06-18 00:00:00";515889,89
"2018-06-19 00:00:00";515625,71
"2018-06-20 00:00:00";516018,07
"2018-06-21 00:00:00";518433,4
"2018-06-22 00:00:00";520366,56
"2018-06-23 00:00:00";519608,39
"2018-06-24 00:00:00";518128,89
"2018-06-25 00:00:00";517782,59
"2018-06-26 00:00:00";516071,86
"2018-06-27 00:00:00";518175,36
"2018-06-28 00:00:00";519344,32
"2018-06-29 00:00:00";517497,38
"2018-06-30 00:00:00";519394,51
"2018-07-01 00:00:00";517006,19
"2018-07-02 00:00:00";519761,08
"2018-07-03 00:00:00";519507,51
"2018-07-04 00:00:00";514868,66
"2018-07-05 00:00:00";512172
"2018-07-06 00:00:00";517902,03
"2018-07-07 00:00:00";518361,03
"2018-07-08 00:00:00";513185,49
"2018-07-09 00:00:00";520596,18
"2018-07-10 00:00:00";519997,31
"2018-07-11 00:00:00";523133,47
"2018-07-12 00:00:00";521488,28
"2018-07-13 00:00:00";520858,14
"2018-07-14 00:00:00";521590,1
"2018-07-15 00:00:00";519339,21
"2018-07-16 00:00:00";522323,61
"2018-07-17 00:00:00";520787,51
"2018-07-18 00:00:00";520961,26
"2018-07-19 00:00:00";519787,68
"2018-07-20 00:00:00";521933,04
"2018-07-21 00:00:00";519394,74
"2018-07-22 00:00:00";527241,55
"2018-07-23 00:00:00";526314,42
"2018-07-24 00:00:00";530315,15
"2018-07-25 00:00:00";532734,52
"2018-07-26 00:00:00";533157,33
"2018-07-27 00:00:00";534693,81
"2018-07-28 00:00:00";533699,32
"2018-07-29 00:00:00";533879,9
"2018-07-30 00:00:00";533504,14
"2018-07-31 00:00:00";533077,85
"2018-08-01 00:00:00";532904,88
"2018-08-02 00:00:00";535513,01
"2018-08-03 00:00:00";532133,68
"2018-08-04 00:00:00";529298,28
"2018-08-05 00:00:00";529674,44
"2018-08-06 00:00:00";526947,35
"2018-08-07 00:00:00";524404,62
"2018-08-08 00:00:00";530122,53
"2018-08-09 00:00:00";532714,28
"2018-08-10 00:00:00";531608,14
"2018-08-11 00:00:00";533204,71
"2018-08-12 00:00:00";529993,59
"2018-08-13 00:00:00";529045,88
"2018-08-14 00:00:00";532439,77
"2018-08-15 00:00:00";530827,5
"2018-08-16 00:00:00";530881,35
"2018-08-17 00:00:00";532840,45
"2018-08-18 00:00:00";527780,94
"2018-08-19 00:00:00";532967,21
"2018-08-20 00:00:00";531251,31
"2018-08-21 00:00:00";532244,16
"2018-08-22 00:00:00";530492,16
"2018-08-23 00:00:00";531076,55
"2018-08-24 00:00:00";527715,22
"2018-08-25 00:00:00";530019,95
"2018-08-26 00:00:00";522841,07
"2018-08-27 00:00:00";529032,95
"2018-08-28 00:00:00";531584,46
"2018-08-29 00:00:00";530167,98
"2018-08-30 00:00:00";529503,05
"2018-08-31 00:00:00";528062,24
"2018-09-01 00:00:00";526073,01
"2018-09-02 00:00:00";509057,42
"2018-09-03 00:00:00";511627,57
"2018-09-04 00:00:00";524275,53
"2018-09-05 00:00:00";512040,56
"2018-09-06 00:00:00";522226,27
"2018-09-07 00:00:00";520214,97
"2018-09-08 00:00:00";521549
"2018-09-09 00:00:00";517916,25
"2018-09-10 00:00:00";495288,69
"2018-09-11 00:00:00";526065,63
"2018-09-12 00:00:00";524792,63
"2018-09-13 00:00:00";525254,78
"2018-09-14 00:00:00";520930,67
"2018-09-15 00:00:00";515964,72
"2018-09-16 00:00:00";516990,63
"2018-09-17 00:00:00";521128,63
"2018-09-18 00:00:00";521863,22
"2018-09-19 00:00:00";511156,16
"2018-09-20 00:00:00";512898,45
"2018-09-21 00:00:00";513858,38
"2018-09-22 00:00:00";520720,11
"2018-09-23 00:00:00";520078,71
"2018-09-24 00:00:00";516594,4
"2018-09-25 00:00:00";520320,88
"2018-09-26 00:00:00";520906,74
"2018-09-27 00:00:00";519611,07
"2018-09-28 00:00:00";521727,87
"2018-09-29 00:00:00";521851,45
"2018-09-30 00:00:00";522018,69
"2018-10-01 00:00:00";520801,51
"2018-10-02 00:00:00";522021,15
"2018-10-03 00:00:00";520381,69
"2018-10-04 00:00:00";518317,77
"2018-10-05 00:00:00";511993,49
"2018-10-06 00:00:00";514999,94
"2018-10-07 00:00:00";517157,8
"2018-10-08 00:00:00";471728,56
"2018-10-09 00:00:00";504686,03
"2018-10-10 00:00:00";513812,49
"2018-10-11 00:00:00";518933,08
"2018-10-12 00:00:00";519190,5
"2018-10-13 00:00:00";518103,06
"2018-10-14 00:00:00";518543,48
"2018-10-15 00:00:00";507811,05
"2018-10-16 00:00:00";517531,48
"2018-10-17 00:00:00";512967,61
"2018-10-18 00:00:00";516515,6
"2018-10-19 00:00:00";516630,06
"2018-10-20 00:00:00";515314,25
"2018-10-21 00:00:00";515208,3
"2018-10-22 00:00:00";510865,61
"2018-10-23 00:00:00";514725,65
"2018-10-24 00:00:00";516162,77
"2018-10-25 00:00:00";515114
"2018-10-26 00:00:00";513498,73
"2018-10-27 00:00:00";512991,53
"2018-10-28 00:00:00";513851,89
"2018-10-29 00:00:00";511301,91
"2018-10-30 00:00:00";507597,65
"2018-10-31 00:00:00";509460,62
"2018-11-01 00:00:00";511299
"2018-11-02 00:00:00";511021,12
"2018-11-03 00:00:00";513123,89
"2018-11-04 00:00:00";513925,43
"2018-11-05 00:00:00";518009,05
"2018-11-06 00:00:00";515575,15
"2018-11-07 00:00:00";516764,11
"2018-11-08 00:00:00";510225,38
"2018-11-09 00:00:00";515929,28
"2018-11-10 00:00:00";515421,73
"2018-11-11 00:00:00";515229,16
"2018-11-12 00:00:00";513704,95
"2018-11-13 00:00:00";515025,97
"2018-11-14 00:00:00";513978,08
"2018-11-15 00:00:00";515350,63
"2018-11-16 00:00:00";514496,07
"2018-11-17 00:00:00";514617,33
"2018-11-18 00:00:00";515583,03
"2018-11-19 00:00:00";515580
"2018-11-20 00:00:00";515127,24
"2018-11-21 00:00:00";515738,45
"2018-11-22 00:00:00";516345,31
"2018-11-23 00:00:00";515873,18
"2018-11-24 00:00:00";516751,25
"2018-11-25 00:00:00";516323,9
"2018-11-26 00:00:00";516521,4
"2018-11-27 00:00:00";516741,3
"2018-11-28 00:00:00";517139,13
"2018-11-29 00:00:00";516426,5
"2018-12-01 00:00:00";513607,38
"2018-12-02 00:00:00";516028,64
"2018-12-03 00:00:00";513935,05
"2018-12-04 00:00:00";513524,36
"2018-12-05 00:00:00";516770,96
"2018-12-06 00:00:00";517089,56
"2018-12-07 00:00:00";520203,41
"2018-12-08 00:00:00";516759,74
"2018-12-09 00:00:00";517895,64
"2018-12-10 00:00:00";519042,18
"2018-12-11 00:00:00";516909,68
"2018-12-12 00:00:00";517959,96
"2018-12-13 00:00:00";516387,22
"2018-12-14 00:00:00";516089,22
"2018-12-15 00:00:00";516145,85
"2018-12-16 00:00:00";519704,4
"2018-12-17 00:00:00";519782,73
"2018-12-18 00:00:00";520682,64
"2018-12-19 00:00:00";518508,49
"2018-12-20 00:00:00";520993,51
"2018-12-21 00:00:00";522187,25
"2018-12-22 00:00:00";522697,97
"2018-12-23 00:00:00";521934,38
"2018-12-24 00:00:00";521967,51
"2018-12-25 00:00:00";521998,75
"2018-12-26 00:00:00";524214,47
"2018-12-27 00:00:00";524136,75
"2019-01-01 00:00:00";523822,04
"2019-01-02 00:00:00";522518,27
"2019-01-03 00:00:00";521823,47
"2019-01-04 00:00:00";520992,3
"2019-01-05 00:00:00";521369,47
"2019-01-06 00:00:00";520768,22
"2019-01-07 00:00:00";520061,2
"2019-01-08 00:00:00";518868,46
"2019-01-09 00:00:00";520670,92
"2019-01-10 00:00:00";518759,69
"2019-01-11 00:00:00";500725,51
"2019-01-12 00:00:00";521239,74
"2019-01-13 00:00:00";524762,35
"2019-01-14 00:00:00";520668,58
"2019-01-15 00:00:00";523634,45
"2019-01-16 00:00:00";523119,62
"2019-01-17 00:00:00";523390,63
"2019-01-18 00:00:00";524664,7
"2019-01-19 00:00:00";524181,07
"2019-01-20 00:00:00";523663,31
"2019-01-21 00:00:00";517758,29
"2019-01-22 00:00:00";521822,39
"2019-01-23 00:00:00";528501,9
"2019-01-24 00:00:00";528926,12
"2019-01-25 00:00:00";530159,04
"2019-01-26 00:00:00";529745,78
"2019-01-27 00:00:00";531937,31
"2019-01-28 00:00:00";531501,54
"2019-01-29 00:00:00";531221,77
"2019-01-30 00:00:00";536230,99
"2019-01-31 00:00:00";532859,57
"2019-02-01 00:00:00";536820,93
"2019-02-02 00:00:00";536221,71
"2019-02-03 00:00:00";538357,56
"2019-02-04 00:00:00";537133,09
"2019-02-05 00:00:00";530256,42
"2019-02-06 00:00:00";534139,96
"2019-02-07 00:00:00";518798,12
"2019-02-08 00:00:00";530901,89
"2019-02-09 00:00:00";531472,6
"2019-02-10 00:00:00";532573,71
"2019-02-11 00:00:00";533884,87
"2019-02-12 00:00:00";534138,01
"2019-02-13 00:00:00";523690,42
"2019-02-14 00:00:00";531390,37
"2019-02-15 00:00:00";534845,1
"2019-02-16 00:00:00";534470,87
"2019-02-17 00:00:00";534349,05
"2019-02-18 00:00:00";534208,93
"2019-02-19 00:00:00";534580,94
"2019-02-20 00:00:00";535898,32
"2019-02-21 00:00:00";536227,06
"2019-02-22 00:00:00";536720,58
"2019-02-23 00:00:00";535674,06
"2019-02-24 00:00:00";535874,3
"2019-02-25 00:00:00";534498,55
"2019-02-26 00:00:00";528292,23
"2019-02-27 00:00:00";534622,6
"2019-02-28 00:00:00";534033,39
"2019-03-01 00:00:00";532990,89
"2019-03-02 00:00:00";530901,18
"2019-03-03 00:00:00";531127,31
"2019-03-04 00:00:00";530112,17
"2019-03-05 00:00:00";530872,72
"2019-03-06 00:00:00";531200,43
"2019-03-07 00:00:00";529792,08
"2019-03-08 00:00:00";529540,63
"2019-03-09 00:00:00";531085,74
"2019-03-10 00:00:00";531376,78
"2019-03-11 00:00:00";532619,96
"2019-03-12 00:00:00";532212,8
"2019-03-13 00:00:00";531197,91
"2019-03-14 00:00:00";498448,82
"2019-03-15 00:00:00";520709,59
"2019-03-16 00:00:00";529676,34
"2019-03-17 00:00:00";532954,01
"2019-03-18 00:00:00";533058,21
"2019-03-19 00:00:00";533926,01
"2019-03-20 00:00:00";532953
"2019-03-21 00:00:00";533108,89
"2019-03-22 00:00:00";532947,81
"2019-03-23 00:00:00";533219,6
"2019-03-24 00:00:00";534830,1
"2019-03-25 00:00:00";534539,84
"2019-03-26 00:00:00";534214,81
"2019-03-27 00:00:00";532304,56
"2019-03-28 00:00:00";530600,6
"2019-03-29 00:00:00";520709,5
"2019-03-30 00:00:00";529965,54
"2019-03-31 00:00:00";531345,96
"2019-04-01 00:00:00";530600,39
"2019-04-02 00:00:00";524284,09
"2019-04-03 00:00:00";521040,46
"2019-04-04 00:00:00";520228,55
"2019-04-05 00:00:00";521205,08
"2019-04-06 00:00:00";523063,72
"2019-04-07 00:00:00";528053,16
"2019-04-08 00:00:00";531208,16
"2019-04-09 00:00:00";530078,65
"2019-04-10 00:00:00";530111,55
"2019-04-11 00:00:00";530219,97
"2019-04-12 00:00:00";529607,51
"2019-04-13 00:00:00";530707,12
"2019-04-14 00:00:00";527122,71
"2019-04-15 00:00:00";533175,24
"2019-04-16 00:00:00";530887,52
"2019-04-17 00:00:00";532217,66
"2019-04-18 00:00:00";531477,03
"2019-04-19 00:00:00";476643,82
"2019-04-20 00:00:00";530955,93
"2019-04-21 00:00:00";532884,47
"2019-04-22 00:00:00";532170,64
"2019-04-23 00:00:00";533652,02
"2019-04-24 00:00:00";536515,92
"2019-04-25 00:00:00";536964,69
"2019-04-26 00:00:00";537227,82
"2019-04-27 00:00:00";536819,46
"2019-04-28 00:00:00";536217,71
"2019-04-29 00:00:00";536447,01
"2019-04-30 00:00:00";536786,21
"2019-05-01 00:00:00";536118,73
"2019-05-02 00:00:00";536392,41
"2019-05-03 00:00:00";536235,98
"2019-05-04 00:00:00";536396,06
"2019-05-05 00:00:00";536385,88
"2019-05-06 00:00:00";537810,27
"2019-05-07 00:00:00";536920,15
"2019-05-08 00:00:00";536998,96
"2019-05-09 00:00:00";506815,82
"2019-05-10 00:00:00";533018,2
"2019-05-11 00:00:00";531416,36
"2019-05-12 00:00:00";531387,23
"2019-05-13 00:00:00";533448,81
"2019-05-14 00:00:00";532079,26
"2019-05-15 00:00:00";532713,56
"2019-05-16 00:00:00";534718,3
"2019-05-17 00:00:00";533104,34
"2019-05-18 00:00:00";532002,98
"2019-05-19 00:00:00";529992,49
"2019-05-20 00:00:00";530056,54
"2019-05-21 00:00:00";533033,63
"2019-05-22 00:00:00";531644,78
"2019-05-23 00:00:00";534030,09
"2019-05-24 00:00:00";532216,62
"2019-05-25 00:00:00";531571,93
"2019-05-26 00:00:00";533912,94
"2019-05-27 00:00:00";533880,95
"2019-05-28 00:00:00";532895,61
"2019-05-29 00:00:00";531751,5
"2019-05-30 00:00:00";532802,58
"2019-05-31 00:00:00";533048,71
"2019-06-01 00:00:00";514254,73
"2019-06-02 00:00:00";514677,69
"2019-06-03 00:00:00";529983,55
"2019-06-04 00:00:00";528135,23
"2019-06-05 00:00:00";531801,41
"2019-06-06 00:00:00";520864,4
"2019-06-07 00:00:00";537957,07
"2019-06-08 00:00:00";536908,2
"2019-06-09 00:00:00";535495,21
"2019-06-10 00:00:00";535620,87
"2019-06-11 00:00:00";533598,41
"2019-06-12 00:00:00";533691,56
"2019-06-13 00:00:00";532029,78
"2019-06-14 00:00:00";532702,51
"2019-06-15 00:00:00";532301,5
"2019-06-16 00:00:00";533060,21
"2019-06-17 00:00:00";531825,54
"2019-06-18 00:00:00";530219,93
"2019-06-19 00:00:00";530614,16
"2019-06-20 00:00:00";532695,8
"2019-06-21 00:00:00";512372,27
"2019-06-22 00:00:00";532079,26
"2019-06-23 00:00:00";532913,56
"2019-06-24 00:00:00";534818,3
"2019-06-25 00:00:00";535704,34
"2019-06-26 00:00:00";535002,98
"2019-06-27 00:00:00";535292,49
"2019-06-28 00:00:00";531546,54
"2019-06-29 00:00:00";534385,63
"2019-06-30 00:00:00";534144,78
"2019-07-01 00:00:00";534230,09
"2019-07-02 00:00:00";535373,62
"2019-07-03 00:00:00";534931,93
"2019-07-04 00:00:00";537352,94
"2019-07-05 00:00:00";538870,95
"2019-07-06 00:00:00";506617,57
"2019-07-07 00:00:00";538344,93
"2019-07-08 00:00:00";538957,17
"2019-07-09 00:00:00";539838,4
"2019-07-10 00:00:00";539809,07
"2019-07-11 00:00:00";540290,54
"2019-07-12 00:00:00";539386,88
"2019-07-13 00:00:00";539107,59
"2019-07-14 00:00:00";541372,02
"2019-07-15 00:00:00";542457,43
"2019-07-16 00:00:00";542850,22
"2019-07-17 00:00:00";543308,18
"2019-07-18 00:00:00";545359,01
"2019-07-19 00:00:00";546629,85
"2019-07-20 00:00:00";543846,11
"2019-07-21 00:00:00";545918,67
"2019-07-22 00:00:00";544344,17
"2019-07-23 00:00:00";546187,23
"2019-07-24 00:00:00";545992,46
"2019-07-25 00:00:00";544607,73
"2019-07-26 00:00:00";544812,96
"2019-07-27 00:00:00";546396,72
"2019-07-28 00:00:00";547075,75
"2019-07-29 00:00:00";549074,06
"2019-07-30 00:00:00";548379,84
"2019-07-31 00:00:00";550164,06
"2019-08-01 00:00:00";550264,7
"2019-08-02 00:00:00";532995,07
"2019-08-03 00:00:00";547066,58
"2019-08-04 00:00:00";553961,01
"2019-08-05 00:00:00";555403,81
"2019-08-06 00:00:00";555424,89
"2019-08-07 00:00:00";544214,45
"2019-08-08 00:00:00";552590,17
"2019-08-09 00:00:00";550692
"2019-08-10 00:00:00";551955,72
"2019-08-11 00:00:00";551462,94
"2019-08-12 00:00:00";553079,68
"2019-08-13 00:00:00";549451,17
"2019-08-14 00:00:00";550498,12
"2019-08-15 00:00:00";553687
"2019-08-16 00:00:00";555659,1
"2019-08-17 00:00:00";556278,99
"2019-08-18 00:00:00";553322,66
"2019-08-19 00:00:00";549491,82
"2019-08-20 00:00:00";525337,62
"2019-08-21 00:00:00";548376,21
"2019-08-22 00:00:00";553845,62
"2019-08-23 00:00:00";553724,28
"2019-08-24 00:00:00";552778,74
"2019-08-25 00:00:00";551482,65
"2019-08-26 00:00:00";549476,6
"2019-08-27 00:00:00";552540,97
"2019-08-28 00:00:00";550665,21
"2019-08-29 00:00:00";550494,28
"2019-08-30 00:00:00";551212,19
"2019-08-31 00:00:00";549897,49
"2019-09-01 00:00:00";553982,03
"2019-09-02 00:00:00";551055,38
"2019-09-03 00:00:00";551499,98
"2019-09-04 00:00:00";551094,86
"2019-09-05 00:00:00";548981,23
"2019-09-06 00:00:00";549122,48
"2019-09-07 00:00:00";548806,08
"2019-09-08 00:00:00";549026,58
"2019-09-09 00:00:00";547464,22
"2019-09-10 00:00:00";548275,49
"2019-09-11 00:00:00";544256,49
"2019-09-12 00:00:00";546734,08
"2019-09-13 00:00:00";545594,51
"2019-09-14 00:00:00";548947,56
"2019-09-15 00:00:00";548135,75
"2019-09-16 00:00:00";547414,74
"2019-09-17 00:00:00";546396,27
"2019-09-18 00:00:00";547701,96
"2019-09-19 00:00:00";549102,84
"2019-09-20 00:00:00";546831,15
"2019-09-21 00:00:00";545781,85
"2019-09-22 00:00:00";546552,21
"2019-09-23 00:00:00";545581,22
"2019-09-24 00:00:00";544529,55
"2019-09-25 00:00:00";546562,45
"2019-09-26 00:00:00";542063,96
"2019-09-27 00:00:00";538433,47
"2019-09-28 00:00:00";534245,86
"2019-09-29 00:00:00";544629,9
"2019-09-30 00:00:00";548195,14
"2019-10-01 00:00:00";546177,93
"2019-10-02 00:00:00";546630,36
"2019-10-03 00:00:00";546522,48
"2019-10-04 00:00:00";545583,61
"2019-10-05 00:00:00";545043,05
"2019-10-06 00:00:00";542079,11
"2019-10-07 00:00:00";484764,87
"2019-10-08 00:00:00";339004,59
"2019-10-09 00:00:00";235029,56
"2019-10-10 00:00:00";225682,57
"2019-10-11 00:00:00";218824,82
"2019-10-12 00:00:00";203186,43
"2019-10-13 00:00:00";185032,41
"2019-10-14 00:00:00";297557,42
"2019-10-15 00:00:00";484979,47
"2019-10-16 00:00:00";503926,8
"2019-10-17 00:00:00";519609,61
"2019-10-18 00:00:00";526010,41
"2019-10-19 00:00:00";526239,34
"2019-10-20 00:00:00";527454,68
"2019-10-21 00:00:00";531553,36
"2019-10-22 00:00:00";533427,23
"2019-10-23 00:00:00";533419,81
"2019-10-24 00:00:00";537577,64
"2019-10-25 00:00:00";537737,41
"2019-10-26 00:00:00";540806,74
"2019-10-27 00:00:00";540541,07
"2019-10-28 00:00:00";543433,73
"2019-10-29 00:00:00";537032,65
"2019-10-30 00:00:00";548452,42
"2019-10-31 00:00:00";552636,72
"2019-11-01 00:00:00";554640,03
"2019-11-02 00:00:00";553868,35
"2019-11-03 00:00:00";553413,92
"2019-11-04 00:00:00";555228,94
"2019-11-05 00:00:00";552838,45
"2019-11-06 00:00:00";554465,04
"2019-11-07 00:00:00";552494,25
"2019-11-08 00:00:00";550540,83
"2019-11-09 00:00:00";549782,3
"2019-11-10 00:00:00";549609,53
"2019-11-11 00:00:00";548042,03
"2019-11-12 00:00:00";537355,08
"2019-11-13 00:00:00";548086,18
"2019-11-14 00:00:00";548038,9
"2019-11-15 00:00:00";547678,92
"2019-11-16 00:00:00";546544,94
"2019-11-17 00:00:00";536850,43
"2019-11-18 00:00:00";544989,17
"2019-11-19 00:00:00";548941,75
"2019-11-20 00:00:00";539089,28
"2019-11-21 00:00:00";544496,34
"2019-11-22 00:00:00";547820,74
"2019-11-23 00:00:00";543252,35
"2019-11-24 00:00:00";547732,89
"2019-11-25 00:00:00";544401,1
"2019-11-26 00:00:00";547632,65
"2019-11-27 00:00:00";548114,56
"2019-11-28 00:00:00";547927,66
"2019-11-29 00:00:00";501431,85
"2019-11-30 00:00:00";545457,13
"2019-12-01 00:00:00";545661,24
"2019-12-02 00:00:00";529007,2
"2019-12-03 00:00:00";544278,24
"2019-12-04 00:00:00";540042,89
"2019-12-05 00:00:00";527470,88
"2019-12-06 00:00:00";545380,76
"2019-12-07 00:00:00";544298,78
"2019-12-08 00:00:00";548419,78
"2019-12-09 00:00:00";548075,8
"2019-12-10 00:00:00";547388,58
"2019-12-11 00:00:00";548230,98
"2019-12-12 00:00:00";546740,02
"2019-12-13 00:00:00";546085,82
"2019-12-14 00:00:00";546851,17
"2019-12-15 00:00:00";546680,39
"2019-12-16 00:00:00";546474,55
"2019-12-17 00:00:00";544402,09
"2019-12-18 00:00:00";540834,54
"2019-12-19 00:00:00";536807,62
"2019-12-20 00:00:00";541790,98
"2019-12-21 00:00:00";542636,64
"2019-12-22 00:00:00";542311,82
"2019-12-23 00:00:00";542139,04
"2019-12-24 00:00:00";541758,34
"2019-12-25 00:00:00";541788,81
"2019-12-26 00:00:00";541658,34
"2019-12-27 00:00:00";541673,57
"2019-12-28 00:00:00";532204,23
"2019-12-29 00:00:00";531332,95
"2019-12-30 00:00:00";539206,74
"2019-12-31 00:00:00";539177,32
"2020-01-01 00:00:00";537684,3
"2020-01-02 00:00:00";535690,93
"2020-01-03 00:00:00";535422,07
"2020-01-04 00:00:00";520254,02
"2020-01-05 00:00:00";534532,3
"2020-01-06 00:00:00";531753,4
"2020-01-07 00:00:00";535493,33
"2020-01-08 00:00:00";526338,74
"2020-01-09 00:00:00";536351,6
"2020-01-10 00:00:00";536387,49
"2020-01-11 00:00:00";537044,82
"2020-01-12 00:00:00";534908,64
"2020-01-13 00:00:00";537291,26
"2020-01-14 00:00:00";538389,15
"2020-01-15 00:00:00";538966,26
"2020-01-16 00:00:00";539114,23
"2020-01-17 00:00:00";536297,53
"2020-01-18 00:00:00";528671,36
"2020-01-19 00:00:00";530683,41
"2020-01-20 00:00:00";536320,51
"2020-01-21 00:00:00";538532,91
"2020-01-22 00:00:00";537842,17
"2020-01-23 00:00:00";535586,53
"2020-01-24 00:00:00";534739,48
"2020-01-25 00:00:00";535523,05
"2020-01-26 00:00:00";537042,15
"2020-01-27 00:00:00";536770,2
"2020-01-28 00:00:00";535127,44
"2020-01-29 00:00:00";524843,06
"2020-01-30 00:00:00";535848,13
"2020-01-31 00:00:00";534648,34
"2020-02-01 00:00:00";533687,6
"2020-02-02 00:00:00";529465,12
"2020-02-03 00:00:00";514776,64
"2020-02-04 00:00:00";535865,15
"2020-02-05 00:00:00";535745,67
"2020-02-06 00:00:00";537621,96
"2020-02-07 00:00:00";537486,47
"2020-02-08 00:00:00";537754,96
"2020-02-09 00:00:00";541216,96
"2020-02-10 00:00:00";541695,83
"2020-02-11 00:00:00";541827,16
"2020-02-12 00:00:00";543073,37
"2020-02-13 00:00:00";543038,16
"2020-02-14 00:00:00";523451,26
"2020-02-15 00:00:00";543261,32
"2020-02-16 00:00:00";473044,95
"2020-02-17 00:00:00";534810,65
"2020-02-18 00:00:00";542225,15
"2020-02-19 00:00:00";543178,12
"2020-02-20 00:00:00";543414,89
"2020-02-21 00:00:00";542784,67
"2020-02-22 00:00:00";541162,58
"2020-02-23 00:00:00";542444,97
"2020-02-24 00:00:00";542429,13
"2020-02-25 00:00:00";543914,08
"2020-02-26 00:00:00";536489,86
"2020-02-27 00:00:00";544930,68
"2020-02-28 00:00:00";545030,83
"2020-02-29 00:00:00";544724,42
"2020-03-01 00:00:00";543587,53
"2020-03-02 00:00:00";544922,76
"2020-03-03 00:00:00";542835,8
"2020-03-04 00:00:00";537498,74
"2020-03-05 00:00:00";541770,11
"2020-03-06 00:00:00";545005,72
"2020-03-07 00:00:00";543839,48
"2020-03-08 00:00:00";545107,3
"2020-03-09 00:00:00";545690,17
"2020-03-10 00:00:00";544977,7
"2020-03-11 00:00:00";544891,64
"2020-03-12 00:00:00";545363,31
"2020-03-13 00:00:00";544086,14
"2020-03-14 00:00:00";544618,83
"2020-03-15 00:00:00";545070,69
"2020-03-16 00:00:00";544903,99
"2020-03-17 00:00:00";544622,36
"2020-03-18 00:00:00";544037,29
"2020-03-19 00:00:00";543233,42
"2020-03-20 00:00:00";540575,06
"2020-03-21 00:00:00";539957,76
"2020-03-22 00:00:00";538692,27
"2020-03-23 00:00:00";538949,26
"2020-03-24 00:00:00";517741,52
"2020-03-25 00:00:00";537000,59
"2020-03-26 00:00:00";536600,6
"2020-03-27 00:00:00";534826,24
"2020-03-28 00:00:00";535742,17
"2020-03-29 00:00:00";536312,11
"2020-03-30 00:00:00";534184,85
"2020-03-31 00:00:00";533498,18
"2020-04-01 00:00:00";532760,97
"2020-04-02 00:00:00";533433,16
"2020-04-03 00:00:00";534130,71
"2020-04-04 00:00:00";534239,29
"2020-04-05 00:00:00";527742,52
"2020-04-06 00:00:00";530044,71
"2020-04-07 00:00:00";504546,62
"2020-04-08 00:00:00";429167,63
"2020-04-09 00:00:00";223914,52
"2020-04-10 00:00:00";170954,66
"2020-04-11 00:00:00";135480,76
"2020-04-12 00:00:00";108791,53
"2020-04-13 00:00:00";114229,74
"2020-04-14 00:00:00";99794,14
"2020-04-15 00:00:00";100077,06
"2020-04-16 00:00:00";100356,91
"2020-04-17 00:00:00";100522,5
"2020-04-18 00:00:00";92750,54
"2020-04-19 00:00:00";93136,22
"2020-04-20 00:00:00";88309,98
"2020-04-21 00:00:00";87801,64
"2020-04-22 00:00:00";84884,54
"2020-04-23 00:00:00";85335,45
"2020-04-24 00:00:00";83580,66
"2020-04-25 00:00:00";79583,27
"2020-04-26 00:00:00";66631,29
"2020-04-27 00:00:00";63804,34
"2020-04-28 00:00:00";64695,15
"2020-04-29 00:00:00";66888,7
"2020-04-30 00:00:00";59523,73
"2020-05-01 00:00:00";54898,61
"2020-05-02 00:00:00";52519,49
"2020-05-03 00:00:00";53782,58
"2020-05-04 00:00:00";53514,99
"2020-05-05 00:00:00";53217,86
"2020-05-06 00:00:00";55308,78
"2020-05-07 00:00:00";69759,58
"2020-05-08 00:00:00";115331,46
"2020-05-09 00:00:00";150463,86
"2020-05-10 00:00:00";193212,54
"2020-05-11 00:00:00";256569,47
"2020-05-12 00:00:00";316396,11
"2020-05-13 00:00:00";326017,45
"2020-05-14 00:00:00";370849,9
"2020-05-15 00:00:00";388370,74
"2020-05-16 00:00:00";398574,18
"2020-05-17 00:00:00";448430,29
"2020-05-18 00:00:00";443537,06
"2020-05-19 00:00:00";474010,69
"2020-05-20 00:00:00";483985,96
"2020-05-21 00:00:00";493246,91
"2020-05-22 00:00:00";496147,97
"2020-05-23 00:00:00";498191,34
"2020-05-24 00:00:00";500092,44
"2020-05-25 00:00:00";510252,25
"2020-05-26 00:00:00";513971,38
"2020-05-27 00:00:00";521590,01
"2020-05-28 00:00:00";524521,78
"2020-05-29 00:00:00";525162,45
"2020-05-30 00:00:00";524336,26
"2020-05-31 00:00:00";523923,37
"2020-06-01 00:00:00";526509,13
"2020-06-02 00:00:00";526722,03
"2020-06-03 00:00:00";518805,57
"2020-06-04 00:00:00";417718,66
"2020-06-05 00:00:00";413815,39
"2020-06-06 00:00:00";419419,4
"2020-06-07 00:00:00";485528,87
"2020-06-08 00:00:00";509813,59
"2020-06-09 00:00:00";517546,7
"2020-06-10 00:00:00";523641,56
"2020-06-11 00:00:00";528252,51
"2020-06-12 00:00:00";529647,46
"2020-06-13 00:00:00";530042,61
"2020-06-14 00:00:00";527590,16
"2020-06-15 00:00:00";530230,54
"2020-06-16 00:00:00";530465,23
"2020-06-17 00:00:00";530451,72
"2020-06-18 00:00:00";530488,18
"2020-06-19 00:00:00";530474,8
"2020-06-20 00:00:00";529428,4
"2020-06-21 00:00:00";528518,27
"2020-06-22 00:00:00";528455,51
"2020-06-23 00:00:00";527169,3
"2020-06-24 00:00:00";525238,57
"2020-06-25 00:00:00";527914,51
"2020-06-26 00:00:00";527721,39
"2020-06-27 00:00:00";529968,49
"2020-06-28 00:00:00";526289,42
"2020-06-29 00:00:00";529217,71
"2020-06-30 00:00:00";528218,32
"2020-07-01 00:00:00";527725,2
"2020-07-02 00:00:00";517226,14
"2020-07-03 00:00:00";525636,27
"2020-07-04 00:00:00";524462,63
"2020-07-05 00:00:00";525539,83
"2020-07-06 00:00:00";524326,28
"2020-07-07 00:00:00";525105,46
"2020-07-08 00:00:00";524002,17
"2020-07-09 00:00:00";521417,11
"2020-07-10 00:00:00";521166,64
"2020-07-11 00:00:00";522669,78
"2020-07-12 00:00:00";521238,51
"2020-07-13 00:00:00";521404,51
"2020-07-14 00:00:00";510754,32
"2020-07-15 00:00:00";522905,41
"2020-07-16 00:00:00";523303,69
"2020-07-17 00:00:00";524629,78
"2020-07-18 00:00:00";523872,14
"2020-07-19 00:00:00";522264,07
"2020-07-20 00:00:00";523520,87
"2020-07-21 00:00:00";519296,95
"2020-07-22 00:00:00";520691,68
"2020-07-23 00:00:00";522333,61
"2020-07-24 00:00:00";522354,04
"2020-07-25 00:00:00";521840,04
"2020-07-26 00:00:00";522762,77
"2020-07-27 00:00:00";522974,73
"2020-07-28 00:00:00";523668,89
"2020-07-29 00:00:00";520866
"2020-07-30 00:00:00";498365,4
"2020-07-31 00:00:00";513650,83
"2020-08-01 00:00:00";514993,75
"2020-08-02 00:00:00";517270,24
"2020-08-03 00:00:00";515462,83
"2020-08-04 00:00:00";516964,24
"2020-08-05 00:00:00";517596,22
"2020-08-06 00:00:00";516220,5
"2020-08-07 00:00:00";517046,55
"2020-08-08 00:00:00";517204,81
"2020-08-09 00:00:00";519265,03
"2020-08-10 00:00:00";519135,02
"2020-08-11 00:00:00";518420,51
"2020-08-12 00:00:00";519247,58
"2020-08-13 00:00:00";509478,35
"2020-08-14 00:00:00";517848,15
"2020-08-15 00:00:00";517866,78
"2020-08-16 00:00:00";508741,81
"2020-08-17 00:00:00";517436,41
"2020-08-18 00:00:00";517479,54
"2020-08-19 00:00:00";514427
"2020-08-20 00:00:00";515712,15
"2020-08-21 00:00:00";515696,83
"2020-08-22 00:00:00";515257,6
"2020-08-23 00:00:00";515389,19
"2020-08-24 00:00:00";514987,54
"2020-08-25 00:00:00";515112,43
"2020-08-26 00:00:00";512424,81
"2020-08-27 00:00:00";514207,37
"2020-08-28 00:00:00";510142,67
"2020-08-29 00:00:00";513120,14
"2020-08-30 00:00:00";512887,16
"2020-08-31 00:00:00";512442,09
"2020-09-01 00:00:00";512434,22
"2020-09-02 00:00:00";512559,43
"2020-09-03 00:00:00";511586,22
"2020-09-04 00:00:00";514138,51
"2020-09-05 00:00:00";514056,38
"2020-09-06 00:00:00";513733,41
"2020-09-07 00:00:00";513772,07
"2020-09-08 00:00:00";513377,82
"2020-09-09 00:00:00";514070,41
"2020-09-10 00:00:00";513402,71
"2020-09-11 00:00:00";512433,01
"2020-09-12 00:00:00";512938,54
"2020-09-13 00:00:00";512934,81
"2020-09-14 00:00:00";512936,45
"2020-09-15 00:00:00";512132,41
"2020-09-16 00:00:00";512374,99
"2020-09-17 00:00:00";510045,95
"2020-09-18 00:00:00";512128,59
"2020-09-19 00:00:00";512637,48
"2020-09-20 00:00:00";510990,44
"2020-09-21 00:00:00";509398,38
"2020-09-22 00:00:00";511178,12
"2020-09-23 00:00:00";512184,81
"2020-09-24 00:00:00";512682,54
"2020-09-25 00:00:00";513321,33
"2020-09-26 00:00:00";511633,79
"2020-09-27 00:00:00";511205,53
"2020-09-28 00:00:00";505100,63
"2020-09-29 00:00:00";510364,36
"2020-09-30 00:00:00";495786,79
"2020-10-01 00:00:00";509832,53
"2020-10-02 00:00:00";509407,73
"2020-10-03 00:00:00";508584,68
"2020-10-04 00:00:00";504220,83
"2020-10-05 00:00:00";507070,19
"2020-10-06 00:00:00";508776,18
"2020-10-07 00:00:00";508494,86
"2020-10-08 00:00:00";509607,07
"2020-10-09 00:00:00";508570,65
"2020-10-10 00:00:00";511502,2
"2020-10-11 00:00:00";508559,03
"2020-10-12 00:00:00";510402,73
"2020-10-13 00:00:00";507943,18
"2020-10-14 00:00:00";504692,65
"2020-10-15 00:00:00";505498,73
"2020-10-16 00:00:00";506095,27
"2020-10-17 00:00:00";507224,65
"2020-10-18 00:00:00";503418,32
"2020-10-19 00:00:00";506718,43
"2020-10-20 00:00:00";508243,94
"2020-10-21 00:00:00";504253,05
"2020-10-22 00:00:00";507834,81
"2020-10-23 00:00:00";508965,24
"2020-10-24 00:00:00";509002,47
"2020-10-25 00:00:00";506428,39
"2020-10-26 00:00:00";506331,53
"2020-10-27 00:00:00";511512,04
"2020-10-28 00:00:00";511561,82
"2020-10-29 00:00:00";511637,21
"2020-10-30 00:00:00";512563,66
"2020-10-31 00:00:00";511873,55
"2020-11-01 00:00:00";505491,92
"2020-11-02 00:00:00";512112,62
"2020-11-03 00:00:00";510408,13
"2020-11-04 00:00:00";512839,68
"2020-11-05 00:00:00";507925,75
"2020-11-06 00:00:00";512013,78
"2020-11-07 00:00:00";510875,97
"2020-11-08 00:00:00";512733,76
"2020-11-09 00:00:00";512262,64
"2020-11-10 00:00:00";513987,34
"2020-11-11 00:00:00";500232,1
"2020-11-12 00:00:00";511584,86
"2020-11-13 00:00:00";513956,69
"2020-11-14 00:00:00";513008,61
"2020-11-15 00:00:00";513701,52
"2020-11-16 00:00:00";511897,55
"2020-11-17 00:00:00";511255,12
"2020-11-18 00:00:00";508959,58
"2020-11-19 00:00:00";508745,02
"2020-11-20 00:00:00";508856,61
"2020-11-21 00:00:00";510186,35
"2020-11-22 00:00:00";509604,24
"2020-11-23 00:00:00";509486,73
"2020-11-24 00:00:00";509663,65
"2020-11-25 00:00:00";510348,27
"2020-11-26 00:00:00";510347,37
"2020-11-27 00:00:00";510742,74
"2020-11-28 00:00:00";511292,56
"2020-11-29 00:00:00";511246,24
"2020-11-30 00:00:00";513793,35
"2020-12-01 00:00:00";515157,03
"2020-12-02 00:00:00";515205,94
"2020-12-03 00:00:00";514873,65
"2020-12-04 00:00:00";511282,55
"2020-12-05 00:00:00";515205,26
"2020-12-06 00:00:00";515377,53
"2020-12-07 00:00:00";514981,61
"2020-12-08 00:00:00";514109,16
"2020-12-09 00:00:00";513819,91
"2020-12-10 00:00:00";513426,88
"2020-12-11 00:00:00";512684,81
"2020-12-12 00:00:00";496129,17
"2020-12-13 00:00:00";506909,11
"2020-12-14 00:00:00";511857,37
"2020-12-15 00:00:00";511619,79
"2020-12-16 00:00:00";510431,34
"2020-12-17 00:00:00";510515,01
"2020-12-18 00:00:00";509918,17
"2020-12-19 00:00:00";510109,75
"2020-12-20 00:00:00";511196,11
"2020-12-21 00:00:00";512114,38
"2020-12-22 00:00:00";510855
"2020-12-23 00:00:00";511236,03
"2020-12-24 00:00:00";511958,42
"2020-12-25 00:00:00";512214,29
"2020-12-26 00:00:00";512820,02
"2020-12-27 00:00:00";510775,92
"2020-12-28 00:00:00";511662,87
"2020-12-29 00:00:00";513684,75
"2020-12-30 00:00:00";508617,44
"2020-12-31 00:00:00";513913,5
"2021-01-01 00:00:00";513164,92
"2021-01-02 00:00:00";512417,39
"2021-01-03 00:00:00";513560,06
"2021-01-04 00:00:00";513413,75
"2021-01-05 00:00:00";512497,85
"2021-01-06 00:00:00";513165,49
"2021-01-07 00:00:00";512431,33
"2021-01-08 00:00:00";504612,14
"2021-01-09 00:00:00";496289,69
"2021-01-10 00:00:00";496636,39
"2021-01-11 00:00:00";511219,22
"2021-01-12 00:00:00";512542,24
"2021-01-13 00:00:00";511342,12
"2021-01-14 00:00:00";510486,47
"2021-01-15 00:00:00";508075,27
"2021-01-16 00:00:00";509102,76
"2021-01-17 00:00:00";508127,35
"2021-01-18 00:00:00";506143,85
"2021-01-19 00:00:00";506805,26
"2021-01-20 00:00:00";505776,24
"2021-01-21 00:00:00";505656,78
"2021-01-22 00:00:00";507006,94
"2021-01-23 00:00:00";506470,19
"2021-01-24 00:00:00";507075,11
"2021-01-25 00:00:00";507219,36
"2021-01-26 00:00:00";509848,3
"2021-01-27 00:00:00";510169,38
"2021-01-28 00:00:00";509851,78
"2021-01-29 00:00:00";509461,05
"2021-01-30 00:00:00";508381,38
"2021-01-31 00:00:00";507191,59
"2021-02-01 00:00:00";507339,17
"2021-02-02 00:00:00";505894,66
"2021-02-03 00:00:00";506358,09
"2021-02-04 00:00:00";505249,95
"2021-02-05 00:00:00";506906,81
"2021-02-06 00:00:00";503619,3
"2021-02-07 00:00:00";500276,33
"2021-02-08 00:00:00";500399,46
"2021-02-09 00:00:00";503956,16
"2021-02-10 00:00:00";504201,71
"2021-02-11 00:00:00";501588,63
"2021-02-12 00:00:00";504334,79
"2021-02-13 00:00:00";505598,54
"2021-02-14 00:00:00";503941,52
"2021-02-15 00:00:00";501791,81
"2021-02-16 00:00:00";499079,83
"2021-02-17 00:00:00";499433,77
"2021-02-18 00:00:00";499964,9
"2021-02-19 00:00:00";500135,13
"2021-02-20 00:00:00";500094,16
"2021-02-21 00:00:00";496847,52
"2021-02-22 00:00:00";501055,96
"2021-02-23 00:00:00";500214,19
"2021-02-24 00:00:00";499841,3
"2021-02-25 00:00:00";499230
"2021-02-26 00:00:00";498985,23
"2021-02-27 00:00:00";499463,49
"2021-02-28 00:00:00";497673,64
"2021-03-01 00:00:00";499930,69
"2021-03-02 00:00:00";502559,04
"2021-03-03 00:00:00";502809,25
"2021-03-04 00:00:00";502683,18
"2021-03-05 00:00:00";501828,35
"2021-03-06 00:00:00";501956,77
"2021-03-07 00:00:00";502901,39
"2021-03-08 00:00:00";502591,9
"2021-03-09 00:00:00";503450,75
"2021-03-10 00:00:00";503090,39
"2021-03-11 00:00:00";501514,96
"2021-03-12 00:00:00";501751,37
"2021-03-13 00:00:00";501889,02
"2021-03-14 00:00:00";499496,33
"2021-03-15 00:00:00";498824,37
"2021-03-16 00:00:00";503333,42
"2021-03-17 00:00:00";503023,44
"2021-03-18 00:00:00";506515,32
"2021-03-19 00:00:00";506212,93
"2021-03-20 00:00:00";499844,19
"2021-03-21 00:00:00";503971,79
"2021-03-22 00:00:00";503212,29
"2021-03-23 00:00:00";505143,52
"2021-03-24 00:00:00";505082,3
"2021-03-25 00:00:00";505262,22
"2021-03-26 00:00:00";500928,64
"2021-03-27 00:00:00";503740,86
"2021-03-28 00:00:00";503025,1
"2021-03-29 00:00:00";499811,54
"2021-03-30 00:00:00";502369,26
"2021-03-31 00:00:00";497915,41
"2021-04-01 00:00:00";501418,41
"2021-04-02 00:00:00";502941,87
"2021-04-03 00:00:00";503117,21
"2021-04-04 00:00:00";502785,52
"2021-04-05 00:00:00";504057,88
"2021-04-06 00:00:00";502130,67
"2021-04-07 00:00:00";501975,89
"2021-04-08 00:00:00";500933,25
"2021-04-09 00:00:00";501912,93
"2021-04-10 00:00:00";502144,59
"2021-04-11 00:00:00";502701,89
"2021-04-12 00:00:00";501178,52
"2021-04-13 00:00:00";499198,26
"2021-04-14 00:00:00";496910,96
"2021-04-15 00:00:00";497265,87
"2021-04-16 00:00:00";495984,74
"2021-04-17 00:00:00";489680,97
"2021-04-18 00:00:00";494975,8
"2021-04-19 00:00:00";498359,64
"2021-04-20 00:00:00";497727,26
"2021-04-21 00:00:00";500214,98
"2021-04-22 00:00:00";500473,59
"2021-04-23 00:00:00";500557,51
"2021-04-24 00:00:00";500404,87
"2021-04-25 00:00:00";497809,7
"2021-04-26 00:00:00";500818,53
"2021-04-27 00:00:00";496119,88
"2021-04-28 00:00:00";494483,81
"2021-04-29 00:00:00";496176,95
"2021-04-30 00:00:00";492849,75
"2021-05-01 00:00:00";492358,59
"2021-05-02 00:00:00";494763,23
"2021-05-03 00:00:00";496562,44
"2021-05-04 00:00:00";496949,15
"2021-05-05 00:00:00";496765,47
"2021-05-06 00:00:00";496438,86
"2021-05-07 00:00:00";494638,14
"2021-05-08 00:00:00";495473,04
"2021-05-09 00:00:00";497762,75
"2021-05-10 00:00:00";498200,51
"2021-05-11 00:00:00";498259,52
"2021-05-12 00:00:00";500367,75
"2021-05-13 00:00:00";501202,19
"2021-05-14 00:00:00";501844,61
"2021-05-15 00:00:00";500257,14
"2021-05-16 00:00:00";500615,04
"2021-05-17 00:00:00";500277,33
"2021-05-18 00:00:00";498221,47
"2021-05-19 00:00:00";499205,1
"2021-05-20 00:00:00";497196,92
"2021-05-21 00:00:00";499435,24
"2021-05-22 00:00:00";499793,79
"2021-05-23 00:00:00";500136,5
"2021-05-24 00:00:00";500271,61
"2021-05-25 00:00:00";499502,21
"2021-05-26 00:00:00";499503,94
"2021-05-27 00:00:00";499095,33
"2021-05-28 00:00:00";500001,8
"2021-05-29 00:00:00";499109,16
"2021-05-30 00:00:00";498196,3
"2021-05-31 00:00:00";496952,36
"2021-06-01 00:00:00";496545,58
"2021-06-02 00:00:00";496890,08
"2021-06-03 00:00:00";496572,64
"2021-06-04 00:00:00";495401,02
"2021-06-05 00:00:00";496098,84
"2021-06-06 00:00:00";495918,66
"2021-06-07 00:00:00";495625,64
"2021-06-08 00:00:00";494859,85
"2021-06-09 00:00:00";493453,46
"2021-06-10 00:00:00";486281,27
"2021-06-11 00:00:00";490080,43
"2021-06-12 00:00:00";492141,83
"2021-06-13 00:00:00";495012,96
"2021-06-14 00:00:00";491934,43
"2021-06-15 00:00:00";492408,74
"2021-06-16 00:00:00";495300,18
"2021-06-17 00:00:00";496015,45
"2021-06-18 00:00:00";496771,43
"2021-06-19 00:00:00";495501,43
"2021-06-20 00:00:00";496416,53
"2021-06-21 00:00:00";492509,15
"2021-06-22 00:00:00";495464,22
"2021-06-23 00:00:00";492600,36
"2021-06-24 00:00:00";493709,49
"2021-06-25 00:00:00";494608,24
"2021-06-26 00:00:00";494740,26
"2021-06-27 00:00:00";485144,41
"2021-06-28 00:00:00";492394,02
"2021-06-29 00:00:00";492507,19
"2021-06-30 00:00:00";491720,08
"2021-07-01 00:00:00";491494,1
"2021-07-02 00:00:00";491961,63
"2021-07-03 00:00:00";488340,62
"2021-07-04 00:00:00";491448,06
"2021-07-05 00:00:00";491287,21
"2021-07-06 00:00:00";491550,33
"2021-07-07 00:00:00";491888,39
"2021-07-08 00:00:00";496560,12
"2021-07-09 00:00:00";497225,52
"2021-07-10 00:00:00";497725,34
"2021-07-11 00:00:00";498144,1
"2021-07-12 00:00:00";498630,55
"2021-07-13 00:00:00";497252,62
"2021-07-14 00:00:00";498777,66
"2021-07-15 00:00:00";498075,03
"2021-07-16 00:00:00";496612,89
"2021-07-17 00:00:00";495526,11
"2021-07-18 00:00:00";495607,43
"2021-07-19 00:00:00";493359,69
"2021-07-20 00:00:00";490970,96
"2021-07-21 00:00:00";491442,78
"2021-07-22 00:00:00";492450,95
"2021-07-23 00:00:00";493578,32
"2021-07-24 00:00:00";481415,8
"2021-07-25 00:00:00";492494,32
"2021-07-26 00:00:00";491973,36
"2021-07-27 00:00:00";491896,41
"2021-07-28 00:00:00";490614,23
"2021-07-29 00:00:00";490120,73
"2021-07-30 00:00:00";490888,84
"2021-07-31 00:00:00";479630,73
"2021-08-01 00:00:00";482350,65
"2021-08-02 00:00:00";484713,99
"2021-08-03 00:00:00";490253,01
"2021-08-04 00:00:00";490165,73
"2021-08-05 00:00:00";492189,24
"2021-08-06 00:00:00";493743,84
"2021-08-07 00:00:00";492655,22
"2021-08-08 00:00:00";490765,94
"2021-08-09 00:00:00";492663,14
"2021-08-10 00:00:00";492641,58
"2021-08-11 00:00:00";482702,52
"2021-08-12 00:00:00";492036,29
"2021-08-13 00:00:00";489611,32
"2021-08-14 00:00:00";475955,33
"2021-08-15 00:00:00";478753,49
"2021-08-16 00:00:00";485118,79
"2021-08-17 00:00:00";484855,42
"2021-08-18 00:00:00";487863,78
"2021-08-19 00:00:00";491361,47
"2021-08-20 00:00:00";488605,78
"2021-08-21 00:00:00";481691,41
"2021-08-22 00:00:00";491197,6
"2021-08-23 00:00:00";490787,8
"2021-08-24 00:00:00";475695,95
"2021-08-25 00:00:00";468113,87
"2021-08-26 00:00:00";476731,03
"2021-08-27 00:00:00";477283,08
"2021-08-28 00:00:00";470916,82
"2021-08-29 00:00:00";476857,12
"2021-08-30 00:00:00";476252,12
"2021-08-31 00:00:00";481135,62
"2021-09-01 00:00:00";474931,19
"2021-09-02 00:00:00";483054,65
"2021-09-03 00:00:00";486317,11
"2021-09-04 00:00:00";485624,46
"2021-09-05 00:00:00";485438,95
"2021-09-06 00:00:00";486220,1
"2021-09-07 00:00:00";486448,19
"2021-09-08 00:00:00";486222,73
"2021-09-09 00:00:00";485794,61
"2021-09-10 00:00:00";486088,96
"2021-09-11 00:00:00";485594,95
"2021-09-12 00:00:00";484827,14
"2021-09-13 00:00:00";483762,61
"2021-09-14 00:00:00";484495,33
"2021-09-15 00:00:00";485344,51
"2021-09-16 00:00:00";486844,32
"2021-09-17 00:00:00";487922,28
"2021-09-18 00:00:00";487409,41
"2021-09-19 00:00:00";483969,26
"2021-09-20 00:00:00";486088,53
"2021-09-21 00:00:00";484325,28
"2021-09-22 00:00:00";485117,56
"2021-09-23 00:00:00";485313,85
"2021-09-24 00:00:00";483933,78
"2021-09-25 00:00:00";484361,39
"2021-09-26 00:00:00";485705,37
"2021-09-27 00:00:00";485893,81
"2021-09-28 00:00:00";484486,53
"2021-09-29 00:00:00";484233
"2021-09-30 00:00:00";484985,86
"2021-10-01 00:00:00";485622,18
"2021-10-02 00:00:00";485459,11
"2021-10-03 00:00:00";485124,57
"2021-10-04 00:00:00";484847,46
"2021-10-05 00:00:00";484167,37
"2021-10-06 00:00:00";484753,59
"2021-10-07 00:00:00";484929,87
"2021-10-08 00:00:00";484780,08
"2021-10-09 00:00:00";485328,72
"2021-10-10 00:00:00";482934,94
"2021-10-11 00:00:00";483926,68
"2021-10-12 00:00:00";482317,74
"2021-10-13 00:00:00";485215,86
"2021-10-14 00:00:00";453956,3
"2021-10-15 00:00:00";481817,42
"2021-10-16 00:00:00";485032,79
"2021-10-17 00:00:00";478180,09
"2021-10-18 00:00:00";471924,13
"2021-10-19 00:00:00";473319,61
"2021-10-20 00:00:00";473179,89
"2021-10-21 00:00:00";474229,43
"2021-10-22 00:00:00";473406,74
"2021-10-23 00:00:00";474101,74
"2021-10-24 00:00:00";478331,74
"2021-10-25 00:00:00";485447,77
"2021-10-26 00:00:00";486105,01
"2021-10-27 00:00:00";485851,52
"2021-10-28 00:00:00";485338,1
"2021-10-29 00:00:00";485791,89
"2021-10-30 00:00:00";484779,39
"2021-10-31 00:00:00";487054,41
"2021-11-01 00:00:00";486578,75
"2021-11-02 00:00:00";481988,03
"2021-11-03 00:00:00";486913,69
"2021-11-04 00:00:00";486274,36
"2021-11-05 00:00:00";486963,84
"2021-11-06 00:00:00";482072,04
"2021-11-07 00:00:00";485596,58
"2021-11-08 00:00:00";484545,88
"2021-11-09 00:00:00";482041,69
"2021-11-10 00:00:00";485540,78
"2021-11-11 00:00:00";487699,17
"2021-11-12 00:00:00";486264,01
"2021-11-13 00:00:00";486772,16
"2021-11-14 00:00:00";487419,18
"2021-11-15 00:00:00";487065,35
"2021-11-16 00:00:00";484419,81
"2021-11-17 00:00:00";484181,63
"2021-11-18 00:00:00";480900,75
"2021-11-19 00:00:00";485747,45
"2021-11-20 00:00:00";485867,46
"2021-11-21 00:00:00";485905,81
"2021-11-22 00:00:00";485987,98
"2021-11-23 00:00:00";485899,66
"2021-11-24 00:00:00";485684,49
"2021-11-25 00:00:00";485369,87
"2021-11-26 00:00:00";486026,19
"2021-11-27 00:00:00";479662,38
"2021-11-28 00:00:00";476107,27
"2021-11-29 00:00:00";485692,63
"2021-11-30 00:00:00";485573,24
"2021-12-01 00:00:00";484196,02
"2021-12-02 00:00:00";485249,89
"2021-12-03 00:00:00";482227,01
"2021-12-04 00:00:00";485501,51
"2021-12-05 00:00:00";485608,74
"2021-12-06 00:00:00";483225,89
"2021-12-07 00:00:00";482433,05
"2021-12-08 00:00:00";483069,91
"2021-12-09 00:00:00";482057,87
"2021-12-10 00:00:00";465625,52
"2021-12-11 00:00:00";342368,48
"2021-12-12 00:00:00";260606,44
"2021-12-13 00:00:00";229335,36
"2021-12-14 00:00:00";165040,73
"2021-12-15 00:00:00";136631,67
"2021-12-16 00:00:00";131117,88
"2021-12-17 00:00:00";128497,34
"2021-12-18 00:00:00";109679,67
"2021-12-19 00:00:00";124800,22
"2021-12-20 00:00:00";120282,27
"2021-12-21 00:00:00";116643,77
"2021-12-22 00:00:00";115905,93
"2021-12-23 00:00:00";102371,6
"2021-12-24 00:00:00";92772,55
"2021-12-25 00:00:00";90409,26
"2021-12-26 00:00:00";90199,52
"2021-12-27 00:00:00";91479,93
"2021-12-28 00:00:00";89302,36
"2021-12-29 00:00:00";90358,32
"2021-12-30 00:00:00";90614,94
"2021-12-31 00:00:00";81065,6
"2022-01-01 00:00:00";85483,73
"2022-01-02 00:00:00";154816,46
"2022-01-03 00:00:00";306868,11
"2022-01-04 00:00:00";412605,41
"2022-01-05 00:00:00";449060,61
"2022-01-06 00:00:00";464327,48
"2022-01-07 00:00:00";477616,73
"2022-01-08 00:00:00";480830,21
"2022-01-09 00:00:00";484347,03
"2022-01-10 00:00:00";481205,49
"2022-01-11 00:00:00";482288,54
"2022-01-12 00:00:00";484357,82
"2022-01-13 00:00:00";487497,99
"2022-01-14 00:00:00";488934,63
"2022-01-15 00:00:00";490016,88
"2022-01-16 00:00:00";491366,16
"2022-01-17 00:00:00";491719,41
"2022-01-18 00:00:00";492966,04
"2022-01-19 00:00:00";493952,05
"2022-01-20 00:00:00";493669,43
"2022-01-21 00:00:00";495592,59
"2022-01-22 00:00:00";493972,27
"2022-01-23 00:00:00";495092,89
"2022-01-24 00:00:00";493716,12
"2022-01-25 00:00:00";495914,42
"2022-01-26 00:00:00";495407,02
"2022-01-27 00:00:00";494718,62
"2022-01-28 00:00:00";494388,29
"2022-01-29 00:00:00";495156,95
"2022-01-30 00:00:00";494700,85
"2022-01-31 00:00:00";492968,87
"2022-02-01 00:00:00";460359,52
"2022-02-02 00:00:00";460065,85
"2022-02-03 00:00:00";425861,48
"2022-02-04 00:00:00";407608,55
"2022-02-05 00:00:00";411200,06
"2022-02-06 00:00:00";418214,48
"2022-02-07 00:00:00";439399,41
"2022-02-08 00:00:00";474701,47
"2022-02-09 00:00:00";490358,09
"2022-02-10 00:00:00";493055,2
"2022-02-11 00:00:00";492232,45
"2022-02-12 00:00:00";493343,94
"2022-02-13 00:00:00";492010,14
"2022-02-14 00:00:00";492691
"2022-02-15 00:00:00";492757,18
"2022-02-16 00:00:00";493149,14
"2022-02-17 00:00:00";494174,55
"2022-02-18 00:00:00";493824,02
"2022-02-19 00:00:00";494941,07
"2022-02-20 00:00:00";494829,3
"2022-02-21 00:00:00";495384,97
"2022-02-22 00:00:00";495715,72
"2022-02-23 00:00:00";495916,06
"2022-02-24 00:00:00";498006,4
"2022-02-25 00:00:00";498742,95
"2022-02-26 00:00:00";498322,7
"2022-02-27 00:00:00";498717,09
"2022-02-28 00:00:00";498707,32
"2022-03-01 00:00:00";496988,35
"2022-03-02 00:00:00";498307,78
"2022-03-03 00:00:00";497812,88
"2022-03-04 00:00:00";497091,02
"2022-03-05 00:00:00";496157,98
"2022-03-06 00:00:00";496477,08
"2022-03-07 00:00:00";495881,32
"2022-03-08 00:00:00";495386,62
"2022-03-09 00:00:00";496674,02
"2022-03-10 00:00:00";495332,97
"2022-03-11 00:00:00";494707,08
"2022-03-12 00:00:00";496739,66
"2022-03-13 00:00:00";496376,88
"2022-03-14 00:00:00";492003,66
"2022-03-15 00:00:00";476726,99
"2022-03-16 00:00:00";478768,89
"2022-03-17 00:00:00";493353,26
"2022-03-18 00:00:00";494798,25
"2022-03-19 00:00:00";495303,14
"2022-03-20 00:00:00";495557,26
"2022-03-21 00:00:00";493176,32
"2022-03-22 00:00:00";495125,01
"2022-03-23 00:00:00";497367,09
"2022-03-24 00:00:00";498171,96
"2022-03-25 00:00:00";497175,1
"2022-03-26 00:00:00";496492,68
"2022-03-27 00:00:00";494540,1
"2022-03-28 00:00:00";496379,61
"2022-03-29 00:00:00";497164,26
"2022-03-30 00:00:00";494285,13
"2022-03-31 00:00:00";495796,98
"2022-04-01 00:00:00";497577,09
"2022-04-02 00:00:00";497896,79
"2022-04-03 00:00:00";496290,81
"2022-04-04 00:00:00";496807,09
"2022-04-05 00:00:00";496478,16
"2022-04-06 00:00:00";497078,31
"2022-04-07 00:00:00";497313,6
"2022-04-08 00:00:00";496094,55
"2022-04-09 00:00:00";496002,91
"2022-04-10 00:00:00";496903,19
"2022-04-11 00:00:00";496707,06
"2022-04-12 00:00:00";495789,48
"2022-04-13 00:00:00";495599,46
"2022-04-14 00:00:00";495121,73
"2022-04-15 00:00:00";496256,18
"2022-04-16 00:00:00";495810,23
"2022-04-17 00:00:00";497346,14
"2022-04-18 00:00:00";496736,67
"2022-04-19 00:00:00";497999,25
"2022-04-20 00:00:00";497563,7
"2022-04-21 00:00:00";497613,69
"2022-04-22 00:00:00";495474,73
"2022-04-23 00:00:00";496979,83
"2022-04-24 00:00:00";498130,88
"2022-04-25 00:00:00";498303,36
"2022-04-26 00:00:00";498019,56
"2022-04-27 00:00:00";498199,85
"2022-04-28 00:00:00";498525,37
"2022-04-29 00:00:00";498918,91
"2022-04-30 00:00:00";498296,36
"2022-05-01 00:00:00";499218,5
"2022-05-02 00:00:00";499119,16
"2022-05-03 00:00:00";498691,03
"2022-05-04 00:00:00";499624,88
"2022-05-05 00:00:00";469615,11
"2022-05-06 00:00:00";487963,22
"2022-05-07 00:00:00";500525,41
"2022-05-08 00:00:00";501651,83
"2022-05-09 00:00:00";496462,82
"2022-05-10 00:00:00";483759,55
"2022-05-11 00:00:00";499348,47
"2022-05-12 00:00:00";499666,75
"2022-05-13 00:00:00";499320,43
"2022-05-14 00:00:00";497755,78
"2022-05-15 00:00:00";497852,56
"2022-05-16 00:00:00";495357,27
"2022-05-17 00:00:00";496086,12
"2022-05-18 00:00:00";496163,95
"2022-05-19 00:00:00";496174,33
"2022-05-20 00:00:00";494914,74
"2022-05-21 00:00:00";496187,36
"2022-05-22 00:00:00";484145,47
"2022-05-23 00:00:00";491690,07
"2022-05-24 00:00:00";490276,98
"2022-05-25 00:00:00";493976,09
"2022-05-26 00:00:00";496808,49
"2022-05-27 00:00:00";496062,04
"2022-05-28 00:00:00";495437,09
"2022-05-29 00:00:00";495047,23
"2022-05-30 00:00:00";498963,19
"2022-05-31 00:00:00";498619,43
"2022-06-01 00:00:00";497305
"2022-06-02 00:00:00";498712,6
"2022-06-03 00:00:00";498724,21
"2022-06-04 00:00:00";497730,08
"2022-06-05 00:00:00";496812,77
"2022-06-06 00:00:00";496728,22
"2022-06-07 00:00:00";475003,15
"2022-06-08 00:00:00";495004,21
"2022-06-09 00:00:00";495293,68
"2022-06-10 00:00:00";495432,22
"2022-06-11 00:00:00";496039,29
"2022-06-12 00:00:00";496596,07
"2022-06-13 00:00:00";496351,58
"2022-06-14 00:00:00";492278
"2022-06-15 00:00:00";488884,16
"2022-06-16 00:00:00";490542,8
"2022-06-17 00:00:00";479548,97
"2022-06-18 00:00:00";481999,52
"2022-06-19 00:00:00";464446,25
"2022-06-20 00:00:00";392492,7
"2022-06-21 00:00:00";330388,83
"2022-06-22 00:00:00";279372,44
"2022-06-23 00:00:00";256504,23
"2022-06-24 00:00:00";236290,58
"2022-06-25 00:00:00";234417,94
"2022-06-26 00:00:00";233071,59
"2022-06-27 00:00:00";234495,06
"2022-06-28 00:00:00";234526,92
"2022-06-29 00:00:00";234309,6
"2022-06-30 00:00:00";262470,61
"2022-07-01 00:00:00";368743,71
"2022-07-02 00:00:00";417980,3
"2022-07-03 00:00:00";461635,27
"2022-07-04 00:00:00";475683,49
"2022-07-05 00:00:00";482022,85
"2022-07-06 00:00:00";483672,66
"2022-07-07 00:00:00";485137,93
"2022-07-08 00:00:00";481687,31
"2022-07-09 00:00:00";486465,2
"2022-07-10 00:00:00";487621,87
"2022-07-11 00:00:00";489466,39
"2022-07-12 00:00:00";490576,87
"2022-07-13 00:00:00";490563,15
"2022-07-14 00:00:00";491647,33
"2022-07-15 00:00:00";491709,68
"2022-07-16 00:00:00";489557,76
"2022-07-17 00:00:00";491271,83
"2022-07-18 00:00:00";491787,41
"2022-07-19 00:00:00";492744,42
"2022-07-20 00:00:00";492841,73
"2022-07-21 00:00:00";492656,3
"2022-07-22 00:00:00";492905,65
"2022-07-23 00:00:00";493437,88
"2022-07-24 00:00:00";493708,5
"2022-07-25 00:00:00";490268,67
"2022-07-26 00:00:00";490348,37
"2022-07-27 00:00:00";493028,7
"2022-07-28 00:00:00";493881,35
"2022-07-29 00:00:00";493505,49
"2022-07-30 00:00:00";493225,44
"2022-07-31 00:00:00";492707,35
"2022-08-01 00:00:00";493115,7
"2022-08-02 00:00:00";493520,14
"2022-08-03 00:00:00";493229,14
"2022-08-04 00:00:00";492709,24
"2022-08-05 00:00:00";493235,53
"2022-08-06 00:00:00";493616,35
"2022-08-07 00:00:00";492424,02
"2022-08-08 00:00:00";494979,3
"2022-08-09 00:00:00";495347,4
"2022-08-10 00:00:00";495328,11
"2022-08-11 00:00:00";496433,29
"2022-08-12 00:00:00";496517,82
"2022-08-13 00:00:00";495356,24
"2022-08-14 00:00:00";495193,45
"2022-08-15 00:00:00";494415,1
"2022-08-16 00:00:00";493498,23
"2022-08-17 00:00:00";495463,62
"2022-08-18 00:00:00";495966,56
"2022-08-19 00:00:00";494523,92
"2022-08-20 00:00:00";494679,16
"2022-08-21 00:00:00";493465,36
"2022-08-22 00:00:00";495115,66
"2022-08-23 00:00:00";495717,07
"2022-08-24 00:00:00";496741,88
"2022-08-25 00:00:00";495045,53
"2022-08-26 00:00:00";494343,34
"2022-08-27 00:00:00";494499,03
"2022-08-28 00:00:00";493536,24
"2022-08-29 00:00:00";489963,9
"2022-08-30 00:00:00";493405,02
"2022-08-31 00:00:00";494442,39
"2022-09-01 00:00:00";476888,4
"2022-09-02 00:00:00";492716,34
"2022-09-03 00:00:00";491638,32
"2022-09-04 00:00:00";491931,77
"2022-09-05 00:00:00";491660,53
"2022-09-06 00:00:00";491957,06
"2022-09-07 00:00:00";489077,28
"2022-09-08 00:00:00";483879,32
"2022-09-09 00:00:00";489783,84
"2022-09-10 00:00:00";489960,66
"2022-09-11 00:00:00";490835,24
"2022-09-12 00:00:00";489577,42
"2022-09-13 00:00:00";490371,31
"2022-09-14 00:00:00";488066,78
"2022-09-15 00:00:00";491639,3
"2022-09-16 00:00:00";491903,5
"2022-09-17 00:00:00";491212,55
"2022-09-18 00:00:00";491527,65
"2022-09-19 00:00:00";491532,03
"2022-09-20 00:00:00";490642,64
"2022-09-21 00:00:00";490706,62
"2022-09-22 00:00:00";490828,33
"2022-09-23 00:00:00";491139,46
"2022-09-24 00:00:00";490825,85
"2022-09-25 00:00:00";490503,6
"2022-09-26 00:00:00";490631,93
"2022-09-27 00:00:00";491292,34
"2022-09-28 00:00:00";491377,92
"2022-09-29 00:00:00";491866,97
"2022-09-30 00:00:00";492912,03
"2022-10-01 00:00:00";491971,87
"2022-10-02 00:00:00";493297,55
"2022-10-03 00:00:00";492849,46
"2022-10-04 00:00:00";486796,64
"2022-10-05 00:00:00";488635,4
"2022-10-06 00:00:00";490161,07
"2022-10-07 00:00:00";488539
"2022-10-08 00:00:00";489396,39
"2022-10-09 00:00:00";493028,99
"2022-10-10 00:00:00";493306,36
"2022-10-11 00:00:00";492801,58
"2022-10-12 00:00:00";494589,55
"2022-10-13 00:00:00";495720,98
"2022-10-14 00:00:00";495834,01
"2022-10-15 00:00:00";495549,66
"2022-10-16 00:00:00";496383,73
"2022-10-17 00:00:00";497295,44
"2022-10-18 00:00:00";497832,54
"2022-10-19 00:00:00";498021,75
"2022-10-20 00:00:00";496778,19
"2022-10-21 00:00:00";497662,99
"2022-10-22 00:00:00";497378,83
"2022-10-23 00:00:00";498044,95
"2022-10-24 00:00:00";497170,51
"2022-10-25 00:00:00";497253,25
"2022-10-26 00:00:00";496702,37
"2022-10-27 00:00:00";495397,47
"2022-10-28 00:00:00";479663,61
"2022-10-29 00:00:00";493401,63
"2022-10-30 00:00:00";492278,85
"2022-10-31 00:00:00";473263,94
"2022-11-01 00:00:00";488777,97
"2022-11-02 00:00:00";489100,57
"2022-11-03 00:00:00";491377,37
"2022-11-04 00:00:00";490724,75
"2022-11-05 00:00:00";482222,82
"2022-11-06 00:00:00";492303,61
"2022-11-07 00:00:00";491512,14
"2022-11-08 00:00:00";492149,34
"2022-11-09 00:00:00";489724,67
"2022-11-10 00:00:00";491065,78
"2022-11-11 00:00:00";479001,06
"2022-11-12 00:00:00";475703,03
"2022-11-13 00:00:00";479265,52
"2022-11-14 00:00:00";484053,32
"2022-11-15 00:00:00";485485,66
"2022-11-16 00:00:00";486103,78
"2022-11-17 00:00:00";489067,47
"2022-11-18 00:00:00";491943,83
"2022-11-19 00:00:00";492310,47
"2022-11-20 00:00:00";493272,5
"2022-11-21 00:00:00";484233,94
"2022-11-22 00:00:00";490862,91
"2022-11-23 00:00:00";494920,77
"2022-11-24 00:00:00";494770,49
"2022-11-25 00:00:00";494053,99
"2022-11-26 00:00:00";494966,36
"2022-11-27 00:00:00";494923,63
"2022-11-28 00:00:00";491126,76
"2022-11-29 00:00:00";489584,63
"2022-11-30 00:00:00";490297,51
"2022-12-01 00:00:00";491967,19
"2022-12-02 00:00:00";492429,72
"2022-12-03 00:00:00";492166,59
"2022-12-04 00:00:00";492416,86
"2022-12-05 00:00:00";491755,85
"2022-12-06 00:00:00";492761,56
"2022-12-07 00:00:00";494402,38
"2022-12-08 00:00:00";491054,31
"2022-12-09 00:00:00";494273,11
"2022-12-10 00:00:00";493418,27
"2022-12-11 00:00:00";437079,46
"2022-12-12 00:00:00";489712,85
"2022-12-13 00:00:00";491636,04
"2022-12-14 00:00:00";492487,5
"2022-12-15 00:00:00";492578,65
"2022-12-16 00:00:00";489687,21
"2022-12-17 00:00:00";490919,63
"2022-12-18 00:00:00";491590,24
"2022-12-19 00:00:00";491677,78
"2022-12-20 00:00:00";491837,9
"2022-12-21 00:00:00";489430,32
"2022-12-22 00:00:00";490783,75
"2022-12-23 00:00:00";492645,36
"2022-12-24 00:00:00";492951,45
"2022-12-25 00:00:00";493643,09
"2022-12-26 00:00:00";493768,14
"2022-12-27 00:00:00";493829,58
"2022-12-28 00:00:00";493614,78
"2022-12-29 00:00:00";494028,94
"2022-12-30 00:00:00";494747,86
"2022-12-31 00:00:00";492223,21
"2023-01-01 00:00:00";492755,84
"2023-01-02 00:00:00";493543,39
"2023-01-03 00:00:00";492884,48
"2023-01-04 00:00:00";494109,59
"2023-01-05 00:00:00";493909,5
"2023-01-06 00:00:00";488640,09
"2023-01-07 00:00:00";489621,86
"2023-01-08 00:00:00";489245,27
"2023-01-09 00:00:00";489902,07
"2023-01-10 00:00:00";489935,99
"2023-01-11 00:00:00";483134,93
"2023-01-12 00:00:00";490434,36
"2023-01-13 00:00:00";490550,49
"2023-01-14 00:00:00";489681,93
"2023-01-15 00:00:00";489478,83
"2023-01-16 00:00:00";488361,85
"2023-01-17 00:00:00";489886,49
"2023-01-18 00:00:00";489319,95
"2023-01-19 00:00:00";489470,08
"2023-01-20 00:00:00";490259,97
"2023-01-21 00:00:00";490273,15
"2023-01-22 00:00:00";488518,1
"2023-01-23 00:00:00";490992,51
"2023-01-24 00:00:00";489245,78
"2023-01-25 00:00:00";489409,38
"2023-01-26 00:00:00";487746,65
"2023-01-27 00:00:00";487348,21
"2023-01-28 00:00:00";486933,09
"2023-01-29 00:00:00";486799,43
"2023-01-30 00:00:00";485476,86
"2023-01-31 00:00:00";486039,49
"2023-02-01 00:00:00";485758,79
"2023-02-02 00:00:00";485865,73
"2023-02-03 00:00:00";485955,2
"2023-02-04 00:00:00";484732,84
"2023-02-05 00:00:00";484887,28
"2023-02-06 00:00:00";481873,58
"2023-02-07 00:00:00";481206,18
"2023-02-08 00:00:00";483286,42
"2023-02-09 00:00:00";483227,24
"2023-02-10 00:00:00";478996,35
"2023-02-11 00:00:00";475092,91
"2023-02-12 00:00:00";476078,42
"2023-02-13 00:00:00";480371,45
"2023-02-14 00:00:00";477682,3
"2023-02-15 00:00:00";482711,73
"2023-02-16 00:00:00";483544,08
"2023-02-17 00:00:00";483570,89
"2023-02-18 00:00:00";482612,21
"2023-02-19 00:00:00";484466,14
"2023-02-20 00:00:00";484489,88
"2023-02-21 00:00:00";484469,83
"2023-02-22 00:00:00";482674,63
"2023-02-23 00:00:00";482730,6
"2023-02-24 00:00:00";396680,83
"2023-02-25 00:00:00";253172,11
"2023-02-26 00:00:00";243674,25
"2023-02-27 00:00:00";239820,42
"2023-02-28 00:00:00";245912,45
"2023-03-01 00:00:00";262547,84
"2023-03-02 00:00:00";316531,86
"2023-03-03 00:00:00";363352,05
"2023-03-04 00:00:00";416837,59
"2023-03-05 00:00:00";445212,27
"2023-03-06 00:00:00";468329,65
"2023-03-07 00:00:00";475940,09
"2023-03-08 00:00:00";480359,17
"2023-03-09 00:00:00";480208,5
"2023-03-10 00:00:00";482350,45
"2023-03-11 00:00:00";469429,27
"2023-03-12 00:00:00";481147,67
"2023-03-13 00:00:00";480717,34
"2023-03-14 00:00:00";482154,38
"2023-03-15 00:00:00";482860,13
"2023-03-16 00:00:00";482109,63
"2023-03-17 00:00:00";482079,96
"2023-03-18 00:00:00";458648,84
"2023-03-19 00:00:00";465714,12
"2023-03-20 00:00:00";453220,57
"2023-03-21 00:00:00";430383,02
"2023-03-22 00:00:00";427089,5
"2023-03-23 00:00:00";425410,51
"2023-03-24 00:00:00";429149,2
"2023-03-25 00:00:00";445275,83
"2023-03-26 00:00:00";453269,2
"2023-03-27 00:00:00";459991,03
"2023-03-28 00:00:00";461001,87
"2023-03-29 00:00:00";461944,3
"2023-03-30 00:00:00";459056,11
"2023-03-31 00:00:00";462136,76
"2023-04-01 00:00:00";464230,47
"2023-04-02 00:00:00";466519,51
"2023-04-03 00:00:00";467074,54
"2023-04-04 00:00:00";463265,98
"2023-04-05 00:00:00";464005,86
"2023-04-06 00:00:00";460172,66
"2023-04-07 00:00:00";460319,41
"2023-04-08 00:00:00";463746,35
"2023-04-09 00:00:00";471768,28
"2023-04-10 00:00:00";474970,16
"2023-04-11 00:00:00";474971,45
"2023-04-12 00:00:00";475842,93
"2023-04-13 00:00:00";477773,87
"2023-04-14 00:00:00";477310,33
"2023-04-15 00:00:00";477229,48
"2023-04-16 00:00:00";477236,83
"2023-04-17 00:00:00";466250,02
"2023-04-18 00:00:00";476984,69
"2023-04-19 00:00:00";475250,58
"2023-04-20 00:00:00";470867,03
"2023-04-21 00:00:00";471826,03
"2023-04-22 00:00:00";474261,22
"2023-04-23 00:00:00";475884,62
"2023-04-24 00:00:00";474074,88
"2023-04-25 00:00:00";468910,75
"2023-04-26 00:00:00";473240,7
"2023-04-27 00:00:00";476586,73
"2023-04-28 00:00:00";477150,5
"2023-04-29 00:00:00";478998,49
"2023-04-30 00:00:00";479662,63
"2023-05-01 00:00:00";479758,87
"2023-05-02 00:00:00";478372,3
"2023-05-03 00:00:00";477255,62
"2023-05-04 00:00:00";477296,33
"2023-05-05 00:00:00";476584,21
"2023-05-06 00:00:00";475718,89
"2023-05-07 00:00:00";477460,34
"2023-05-08 00:00:00";477114,73
"2023-05-09 00:00:00";476274,05
"2023-05-10 00:00:00";469786,75
"2023-05-11 00:00:00";475042,35
"2023-05-12 00:00:00";475609,51
"2023-05-13 00:00:00";475205,63
"2023-05-14 00:00:00";474768,21
"2023-05-15 00:00:00";472879,8
"2023-05-16 00:00:00";474679,79
"2023-05-17 00:00:00";474169,02
"2023-05-18 00:00:00";473388,21
"2023-05-19 00:00:00";472197,37
"2023-05-20 00:00:00";472054,36
"2023-05-21 00:00:00";472886,54
"2023-05-22 00:00:00";472446,66
"2023-05-23 00:00:00";472181,4
"2023-05-24 00:00:00";472546,83
"2023-05-25 00:00:00";472365,49
"2023-05-26 00:00:00";472871,77
"2023-05-27 00:00:00";471227,45
"2023-05-28 00:00:00";471189,29
"2023-05-29 00:00:00";471646,36
"2023-05-30 00:00:00";470510,84
"2023-05-31 00:00:00";471992,23
"2023-06-01 00:00:00";472227,8
"2023-06-02 00:00:00";471472,79
"2023-06-03 00:00:00";471157,72
"2023-06-04 00:00:00";472582,02
"2023-06-05 00:00:00";471941,14
"2023-06-06 00:00:00";470307,73
"2023-06-07 00:00:00";471927,45
"2023-06-08 00:00:00";470702,06
"2023-06-09 00:00:00";471351,92
"2023-06-10 00:00:00";468577,06
"2023-06-11 00:00:00";470644,73
"2023-06-12 00:00:00";473323,08
"2023-06-13 00:00:00";472781,55
"2023-06-14 00:00:00";473725,61
"2023-06-15 00:00:00";474321,1
"2023-06-16 00:00:00";472810,8
"2023-06-17 00:00:00";471603,7
"2023-06-18 00:00:00";473160,73
"2023-06-19 00:00:00";472959,82
"2023-06-20 00:00:00";475254,9
"2023-06-21 00:00:00";475239,34
"2023-06-22 00:00:00";475167,25
"2023-06-23 00:00:00";474571,22
"2023-06-24 00:00:00";475112,43
"2023-06-25 00:00:00";475176,23
"2023-06-26 00:00:00";475176,72
"2023-06-27 00:00:00";475754,97
"2023-06-28 00:00:00";471557,96
"2023-06-29 00:00:00";479256,19
"2023-06-30 00:00:00";479559,56
"2023-07-01 00:00:00";478620,24
"2023-07-02 00:00:00";478615,88
"2023-07-03 00:00:00";479028,91
"2023-07-04 00:00:00";478473,67
"2023-07-05 00:00:00";477222,41
"2023-07-06 00:00:00";478421,13
"2023-07-07 00:00:00";478838,99
"2023-07-08 00:00:00";476850,64
"2023-07-09 00:00:00";475779,26
"2023-07-10 00:00:00";477835,75
"2023-07-11 00:00:00";477729,27
"2023-07-12 00:00:00";479632,65
"2023-07-13 00:00:00";477681,5
"2023-07-14 00:00:00";478092,47
"2023-07-15 00:00:00";476835,43
"2023-07-16 00:00:00";479131,79
"2023-07-17 00:00:00";478162,23
"2023-07-18 00:00:00";474353,55
"2023-07-19 00:00:00";479878,06
"2023-07-20 00:00:00";479491,45
"2023-07-21 00:00:00";479156,23
"2023-07-22 00:00:00";467733,03
"2023-07-23 00:00:00";478449,68
"2023-07-24 00:00:00";478790,14
"2023-07-25 00:00:00";478918,01
"2023-07-26 00:00:00";478773,07
"2023-07-27 00:00:00";479662,92
"2023-07-28 00:00:00";481834,15
"2023-07-29 00:00:00";468629,37
"2023-07-30 00:00:00";480411,31
"2023-07-31 00:00:00";478438,26
"2023-08-01 00:00:00";480076,04
"2023-08-02 00:00:00";480128,7
"2023-08-03 00:00:00";472881,06
"2023-08-04 00:00:00";475119,67
"2023-08-05 00:00:00";480354,24
"2023-08-06 00:00:00";479859,51
"2023-08-07 00:00:00";479891,12
"2023-08-08 00:00:00";479668,78
"2023-08-09 00:00:00";476878,65
"2023-08-10 00:00:00";482134,89
"2023-08-11 00:00:00";480784,52
"2023-08-12 00:00:00";479238,88
"2023-08-13 00:00:00";482418,56
"2023-08-14 00:00:00";481400,07
"2023-08-15 00:00:00";481406,69
"2023-08-16 00:00:00";481438,82
"2023-08-17 00:00:00";481299,99
"2023-08-18 00:00:00";481384,15
"2023-08-19 00:00:00";481313,28
"2023-08-20 00:00:00";482859,43
"2023-08-21 00:00:00";482987,97
"2023-08-22 00:00:00";481705,34
"2023-08-23 00:00:00";482342,67
"2023-08-24 00:00:00";482051,66
"2023-08-25 00:00:00";481428,37
"2023-08-26 00:00:00";481871,76
"2023-08-27 00:00:00";482118,56
"2023-08-28 00:00:00";483062,85
"2023-08-29 00:00:00";483556,15
"2023-08-30 00:00:00";483521,61
"2023-08-31 00:00:00";483267,69
"2023-09-01 00:00:00";481908,11
"2023-09-02 00:00:00";481450,07
"2023-09-03 00:00:00";475166,72
"2023-09-04 00:00:00";475701,94
"2023-09-05 00:00:00";484237,61
"2023-09-06 00:00:00";483899,78
"2023-09-07 00:00:00";483807,24
"2023-09-08 00:00:00";467256,79
"2023-09-09 00:00:00";477728,99
"2023-09-10 00:00:00";484813,62
"2023-09-11 00:00:00";479670,51
"2023-09-12 00:00:00";483799,45
"2023-09-13 00:00:00";485185,97
"2023-09-14 00:00:00";486478,97
"2023-09-15 00:00:00";487038,15
"2023-09-16 00:00:00";479246,45
"2023-09-17 00:00:00";483986,88
"2023-09-18 00:00:00";482829,26
"2023-09-19 00:00:00";484380,51
"2023-09-20 00:00:00";486916,24
"2023-09-21 00:00:00";486648,41
"2023-09-22 00:00:00";486941,99
"2023-09-23 00:00:00";487673,12
"2023-09-24 00:00:00";487912,45
"2023-09-25 00:00:00";488655,76
"2023-09-26 00:00:00";485632,12
"2023-09-27 00:00:00";488644,06
"2023-09-28 00:00:00";483618,3
"2023-09-29 00:00:00";483379,23
"2023-09-30 00:00:00";467875,87
"2023-10-01 00:00:00";459649,72
"2023-10-02 00:00:00";459434,44
"2023-10-03 00:00:00";468355,6
"2023-10-04 00:00:00";476745,42
"2023-10-05 00:00:00";485766,3
"2023-10-06 00:00:00";485499,55
"2023-10-07 00:00:00";482469,75
"2023-10-08 00:00:00";481060,44
"2023-10-09 00:00:00";482157,07
"2023-10-10 00:00:00";474947,94
"2023-10-11 00:00:00";475346,6
"2023-10-12 00:00:00";483875,39
"2023-10-13 00:00:00";482052,92
"2023-10-14 00:00:00";486385,73
"2023-10-15 00:00:00";486057,95
"2023-10-16 00:00:00";485484,83
"2023-10-17 00:00:00";484751,49
"2023-10-18 00:00:00";481265,69
"2023-10-19 00:00:00";483367,48
"2023-10-20 00:00:00";485817,21
"2023-10-21 00:00:00";485224,43
"2023-10-22 00:00:00";486873,2
"2023-10-23 00:00:00";487141,02
"2023-10-24 00:00:00";487116,66
"2023-10-25 00:00:00";487109,49
"2023-10-26 00:00:00";487498,39
"2023-10-27 00:00:00";488588,62
"2023-10-28 00:00:00";488665,3
"2023-10-29 00:00:00";489643,18
"2023-10-30 00:00:00";488536,34
"2023-10-31 00:00:00";489303,11
"2023-11-01 00:00:00";481649,96
"2023-11-02 00:00:00";489643,53
"2023-11-03 00:00:00";490080,29
"2023-11-04 00:00:00";489989,41
"2023-11-05 00:00:00";490509,95
"2023-11-06 00:00:00";491048,71
"2023-11-07 00:00:00";491042,6
"2023-11-08 00:00:00";491688,15
"2023-11-09 00:00:00";492038,62
"2023-11-10 00:00:00";491803,72
"2023-11-11 00:00:00";491495,72
"2023-11-12 00:00:00";491130,96
"2023-11-13 00:00:00";487639,99
"2023-11-14 00:00:00";490360,82
"2023-11-15 00:00:00";490105,78
"2023-11-16 00:00:00";489507,5
"2023-11-17 00:00:00";490736,68
"2023-11-18 00:00:00";490721,74
"2023-11-19 00:00:00";490921,76
"2023-11-20 00:00:00";480891,32
"2023-11-21 00:00:00";484588,06
"2023-11-22 00:00:00";491860,26
"2023-11-23 00:00:00";491292,79
"2023-11-24 00:00:00";491110,33
"2023-11-25 00:00:00";491355,44
"2023-11-26 00:00:00";490374,91
"2023-11-27 00:00:00";490785,88
"2023-11-28 00:00:00";491479,13
"2023-11-29 00:00:00";492370,65
"2023-11-30 00:00:00";492543,78
"2023-12-01 00:00:00";491445,42
"2023-12-02 00:00:00";491502,9
"2023-12-03 00:00:00";492230,47
"2023-12-04 00:00:00";493395,25
"2023-12-05 00:00:00";492175,6
"2023-12-06 00:00:00";493259,11
"2023-12-07 00:00:00";493353,8
"2023-12-08 00:00:00";493219,97
"2023-12-09 00:00:00";493620,07
"2023-12-10 00:00:00";494379,31
"2023-12-11 00:00:00";493356,07
"2023-12-12 00:00:00";492946,72
"2023-12-13 00:00:00";493823,57
"2023-12-14 00:00:00";493899,2
"2023-12-15 00:00:00";493898,96
"2023-12-16 00:00:00";493884,73
"2023-12-17 00:00:00";493917,63
"2023-12-18 00:00:00";494079,74
"2023-12-19 00:00:00";492208,6
"2023-12-20 00:00:00";494681,49
"2023-12-21 00:00:00";492402,41
"2023-12-22 00:00:00";494134,95
"2023-12-23 00:00:00";494341,5
"2023-12-24 00:00:00";493732,45
"2023-12-25 00:00:00";493205
"2023-12-26 00:00:00";494789,42
"2023-12-27 00:00:00";476973,83
"2023-12-28 00:00:00";476712,37
"2023-12-29 00:00:00";468928,8
"2023-12-30 00:00:00";393644,41
"2023-12-31 00:00:00";424096,39
"2024-01-01 00:00:00";471439,42
"2024-01-02 00:00:00";488089,04
"2024-01-03 00:00:00";493149,01
"2024-01-04 00:00:00";493858,42
"2024-01-05 00:00:00";494783,66
"2024-01-06 00:00:00";494497,56
"2024-01-07 00:00:00";494381
"2024-01-08 00:00:00";494223,31
"2024-01-09 00:00:00";492341,06
"2024-01-10 00:00:00";494255,82
"2024-01-11 00:00:00";494424,97
"2024-01-12 00:00:00";481385,78
"2024-01-13 00:00:00";493050,04
"2024-01-14 00:00:00";492932,75
"2024-01-15 00:00:00";492645,54
"2024-01-16 00:00:00";492031,55
"2024-01-17 00:00:00";492468,79
"2024-01-18 00:00:00";491995,92
"2024-01-19 00:00:00";491509
"2024-01-20 00:00:00";491807,39
"2024-01-21 00:00:00";491816,9
"2024-01-22 00:00:00";491844,45
"2024-01-23 00:00:00";492152,76
"2024-01-24 00:00:00";491520,53
"2024-01-25 00:00:00";491580,91
"2024-01-26 00:00:00";491774,72
"2024-01-27 00:00:00";484488,97
"2024-01-28 00:00:00";486745,08
"2024-01-29 00:00:00";489265,55
"2024-01-30 00:00:00";478572,55
"2024-01-31 00:00:00";489556,89
"2024-02-01 00:00:00";489313,09
"2024-02-02 00:00:00";478086,65
"2024-02-03 00:00:00";489400,4
"2024-02-04 00:00:00";486283,79
"2024-02-05 00:00:00";489469,44
"2024-02-06 00:00:00";488957,48
"2024-02-07 00:00:00";485208,25
"2024-02-08 00:00:00";490477,64
"2024-02-09 00:00:00";487198,12
"2024-02-10 00:00:00";486866,53
"2024-02-11 00:00:00";487949,64
"2024-02-12 00:00:00";488743,35
"2024-02-13 00:00:00";487335,32
"2024-02-14 00:00:00";485161,94
"2024-02-15 00:00:00";487616,58
"2024-02-16 00:00:00";482277,89
"2024-02-17 00:00:00";485567,9
"2024-02-18 00:00:00";486343,32
"2024-02-19 00:00:00";484546,35
"2024-02-20 00:00:00";486103,89
"2024-02-21 00:00:00";486255,84
"2024-02-22 00:00:00";486082,52
"2024-02-23 00:00:00";477217,11
"2024-02-24 00:00:00";485372,47
"2024-02-25 00:00:00";484939,77
"2024-02-26 00:00:00";477005,34
"2024-02-27 00:00:00";485788,07
"2024-02-28 00:00:00";485325,7
"2024-02-29 00:00:00";483741,49
"2024-03-01 00:00:00";480996,88
"2024-03-02 00:00:00";471769,08
"2024-03-03 00:00:00";485587,34
"2024-03-04 00:00:00";484747
"2024-03-05 00:00:00";485745,44
"2024-03-06 00:00:00";485826,65
"2024-03-07 00:00:00";485681,65
"2024-03-08 00:00:00";484863,04
"2024-03-09 00:00:00";480255
"2024-03-10 00:00:00";485074,75
"2024-03-11 00:00:00";485613,55
"2024-03-12 00:00:00";485307,86
"2024-03-13 00:00:00";485099,71
"2024-03-14 00:00:00";484236,98
"2024-03-15 00:00:00";485315,68
"2024-03-16 00:00:00";485816,34
"2024-03-17 00:00:00";485609,78
"2024-03-18 00:00:00";487398,08
"2024-03-19 00:00:00";485275,03
"2024-03-20 00:00:00";483291,83
"2024-03-21 00:00:00";481300,8
"2024-03-22 00:00:00";483186,57
"2024-03-23 00:00:00";482397,59
"2024-03-24 00:00:00";480217,81
"2024-03-25 00:00:00";481120,53
"2024-03-26 00:00:00";477737,4
"2024-03-27 00:00:00";477826,65
"2024-03-28 00:00:00";479655,27
"2024-03-29 00:00:00";481433,29
"2024-03-30 00:00:00";481584,71
"2024-03-31 00:00:00";480582,58
"2024-04-01 00:00:00";476805,64
"2024-04-02 00:00:00";479286,22
"2024-04-03 00:00:00";476842,14
"2024-04-04 00:00:00";481158,17
"2024-04-05 00:00:00";476277,38
"2024-04-06 00:00:00";482832,79
"2024-04-07 00:00:00";485503,8
"2024-04-08 00:00:00";486267,46
"2024-04-09 00:00:00";485700,34
"2024-04-10 00:00:00";483765,41
"2024-04-11 00:00:00";474168,08
"2024-04-12 00:00:00";484305,3
"2024-04-13 00:00:00";482744,57
"2024-04-14 00:00:00";485502,67
"2024-04-15 00:00:00";482873,54
"2024-04-16 00:00:00";483341,44
"2024-04-17 00:00:00";483878,58
"2024-04-18 00:00:00";478961,85
"2024-04-19 00:00:00";473255,34
"2024-04-20 00:00:00";484029,01
"2024-04-21 00:00:00";487287,26
"2024-04-22 00:00:00";484731,23
"2024-04-23 00:00:00";483150,34
"2024-04-24 00:00:00";482867,91
"2024-04-25 00:00:00";483919,67
"2024-04-26 00:00:00";483845,46
"2024-04-27 00:00:00";481796,57
"2024-04-28 00:00:00";484452,03
"2024-04-29 00:00:00";484878,94
"2024-04-30 00:00:00";484272,18
"2024-05-01 00:00:00";483764,81
"2024-05-02 00:00:00";478474,85
"2024-05-03 00:00:00";482457,17
"2024-05-04 00:00:00";482771,14
"2024-05-05 00:00:00";483367,47
"2024-05-06 00:00:00";483130,19
"2024-05-07 00:00:00";483895,43
"2024-05-08 00:00:00";484151,18
"2024-05-09 00:00:00";483990,08
"2024-05-10 00:00:00";483281,43
"2024-05-11 00:00:00";477509,18
"2024-05-12 00:00:00";486111,97
"2024-05-13 00:00:00";485893,18
"2024-05-14 00:00:00";482796,37
"2024-05-15 00:00:00";486450,29
"2024-05-16 00:00:00";486399,76
"2024-05-17 00:00:00";485915,08
"2024-05-18 00:00:00";485581,82
"2024-05-19 00:00:00";486196,1
"2024-05-20 00:00:00";484999,14
"2024-05-21 00:00:00";487581,58
"2024-05-22 00:00:00";487469,28
"2024-05-23 00:00:00";486217,12
"2024-05-24 00:00:00";485411,78
"2024-05-25 00:00:00";485540,47
"2024-05-26 00:00:00";484632,23
"2024-05-27 00:00:00";485726,56
"2024-05-28 00:00:00";485404,66
"2024-05-29 00:00:00";483879,32
"2024-05-30 00:00:00";486042,14
"2024-05-31 00:00:00";484258,93
"2024-06-01 00:00:00";483412,71
"2024-06-02 00:00:00";483782,12
"2024-06-03 00:00:00";485138,98
"2024-06-04 00:00:00";485263,98
"2024-06-05 00:00:00";484506,57
"2024-06-06 00:00:00";484274,56
"2024-06-07 00:00:00";482669,77
"2024-06-08 00:00:00";481424,97
"2024-06-09 00:00:00";483012,58
"2024-06-10 00:00:00";483481,1
"2024-06-11 00:00:00";479554,2
"2024-06-12 00:00:00";479627,89
"2024-06-13 00:00:00";483903,99
"2024-06-14 00:00:00";482319,29
"2024-06-15 00:00:00";480199,76
"2024-06-16 00:00:00";485532,06
"2024-06-17 00:00:00";486220,48
"2024-06-18 00:00:00";455803,94
"2024-06-19 00:00:00";430352,44
"2024-06-20 00:00:00";402538,15
"2024-06-21 00:00:00";395147,68
"2024-06-22 00:00:00";393186,27
"2024-06-23 00:00:00";392729,8
"2024-06-24 00:00:00";390999,4
"2024-06-25 00:00:00";392705,85
"2024-06-26 00:00:00";394612,57
"2024-06-27 00:00:00";394877,98
"2024-06-28 00:00:00";385073,04
"2024-06-29 00:00:00";383463,54
"2024-06-30 00:00:00";375144,35
"2024-07-01 00:00:00";382048,43
"2024-07-02 00:00:00";374651,66
"2024-07-03 00:00:00";385589,18
"2024-07-04 00:00:00";405848,41
"2024-07-05 00:00:00";434650,86
"2024-07-06 00:00:00";460322,64
"2024-07-07 00:00:00";468072,06
"2024-07-08 00:00:00";465256,23
"2024-07-09 00:00:00";470986,57
"2024-07-10 00:00:00";473116,9
"2024-07-11 00:00:00";476411,15
"2024-07-12 00:00:00";480555,55
"2024-07-13 00:00:00";485490,27
"2024-07-14 00:00:00";484813,36
"2024-07-15 00:00:00";485174,82
"2024-07-16 00:00:00";484158,24
"2024-07-17 00:00:00";485637,33
"2024-07-18 00:00:00";485420,2
"2024-07-19 00:00:00";449078,18
"2024-07-20 00:00:00";481632,57
"2024-07-21 00:00:00";482535,99
"2024-07-22 00:00:00";482060,82
"2024-07-23 00:00:00";481848,57
"2024-07-24 00:00:00";481407,26
"2024-07-25 00:00:00";478643,23
"2024-07-26 00:00:00";478930,49
"2024-07-27 00:00:00";478756,89
"2024-07-28 00:00:00";480836,29
"2024-07-29 00:00:00";479346,02
"2024-07-30 00:00:00";479780,67
"2024-07-31 00:00:00";478057,1
"2024-08-01 00:00:00";475730,85
"2024-08-02 00:00:00";477006,75
"2024-08-03 00:00:00";476035,25
"2024-08-04 00:00:00";474503,79
"2024-08-05 00:00:00";479260,82
"2024-08-06 00:00:00";478751,32
"2024-08-07 00:00:00";479375,3
"2024-08-08 00:00:00";480266,04
"2024-08-09 00:00:00";482087,2
"2024-08-10 00:00:00";482264,22
"2024-08-11 00:00:00";482894,45
"2024-08-12 00:00:00";483094,37
"2024-08-13 00:00:00";483141,98
"2024-08-14 00:00:00";481976,45
"2024-08-15 00:00:00";480672,44
"2024-08-16 00:00:00";476114,99
"2024-08-17 00:00:00";478357,72
"2024-08-18 00:00:00";479468,27
"2024-08-19 00:00:00";479238,21
"2024-08-20 00:00:00";479891,72
"2024-08-21 00:00:00";479843,01
"2024-08-22 00:00:00";479414,94
"2024-08-23 00:00:00";471094,25
"2024-08-24 00:00:00";472440,53
"2024-08-25 00:00:00";469122,31
"2024-08-26 00:00:00";469809,87
"2024-08-27 00:00:00";476972,08
"2024-08-28 00:00:00";475747,41
"2024-08-29 00:00:00";470710,03
"2024-08-30 00:00:00";467698,62
"2024-08-31 00:00:00";467668,76
"2024-09-01 00:00:00";467904,27
"2024-09-02 00:00:00";466456,34
"2024-09-03 00:00:00";466555,61
"2024-09-04 00:00:00";470586,52
"2024-09-05 00:00:00";469181,1
"2024-09-06 00:00:00";467784,72
"2024-09-07 00:00:00";455517,81
"2024-09-08 00:00:00";464663,07
"2024-09-09 00:00:00";470354,26
"2024-09-10 00:00:00";471828,64
"2024-09-11 00:00:00";471927,96
"2024-09-12 00:00:00";471764,94
"2024-09-13 00:00:00";471577,9
"2024-09-14 00:00:00";467113,44
"2024-09-15 00:00:00";471161,87
"2024-09-16 00:00:00";466207,73
"2024-09-17 00:00:00";455218,44
"2024-09-18 00:00:00";470225,08
"2024-09-19 00:00:00";466598,72
"2024-09-20 00:00:00";468809,73
"2024-09-21 00:00:00";472911,73
"2024-09-22 00:00:00";473462,43
"2024-09-23 00:00:00";473770
"2024-09-24 00:00:00";473249,47
"2024-09-25 00:00:00";472904,49
"2024-09-26 00:00:00";471600,05
"2024-09-27 00:00:00";469332,73
"2024-09-28 00:00:00";470076,63
"2024-09-29 00:00:00";474487,76
"2024-09-30 00:00:00";473790,96
"2024-10-01 00:00:00";474761,69
"2024-10-02 00:00:00";473288,91
"2024-10-03 00:00:00";466874,41
"2024-10-04 00:00:00";468534,07
"2024-10-05 00:00:00";466629,85
"2024-10-06 00:00:00";472109,45
"2024-10-07 00:00:00";471147,58
"2024-10-08 00:00:00";472827,75
"2024-10-09 00:00:00";469484,77
"2024-10-10 00:00:00";474044,17
"2024-10-11 00:00:00";472060,52
"2024-10-12 00:00:00";473782,01
"2024-10-13 00:00:00";473709,91
"2024-10-14 00:00:00";473475,89
"2024-10-15 00:00:00";473695,82
"2024-10-16 00:00:00";472462,38
"2024-10-17 00:00:00";472412,8
"2024-10-18 00:00:00";470698,46
"2024-10-19 00:00:00";462314,04
"2024-10-20 00:00:00";474021,17
"2024-10-21 00:00:00";472698,13
"2024-10-22 00:00:00";470393,62
"2024-10-23 00:00:00";471264,36
"2024-10-24 00:00:00";471206,44
"2024-10-25 00:00:00";471276,39
"2024-10-26 00:00:00";472069,56
"2024-10-27 00:00:00";472357,78
"2024-10-28 00:00:00";472881,25
"2024-10-29 00:00:00";472804,85
"2024-10-30 00:00:00";473875,84
"2024-10-31 00:00:00";474427,17
"2024-11-01 00:00:00";474703,24
"2024-11-02 00:00:00";463415,79
"2024-11-03 00:00:00";465709,91
"2024-11-04 00:00:00";473237,43
"2024-11-05 00:00:00";473875,36
"2024-11-06 00:00:00";474935,43
"2024-11-07 00:00:00";475180,79
"2024-11-08 00:00:00";474604,03
"2024-11-09 00:00:00";474272,8
"2024-11-10 00:00:00";474852,35
"2024-11-11 00:00:00";474783,45
"2024-11-12 00:00:00";475143,84
"2024-11-13 00:00:00";474118,93
"2024-11-14 00:00:00";474285,62
"2024-11-15 00:00:00";472947,56
"2024-11-16 00:00:00";473151,09
"2024-11-17 00:00:00";472083,42
"2024-11-18 00:00:00";475504,31
"2024-11-19 00:00:00";475252,18
"2024-11-20 00:00:00";474641,31
"2024-11-21 00:00:00";473655,19
"2024-11-22 00:00:00";472297,4
"2024-11-23 00:00:00";475073,71
"2024-11-24 00:00:00";475913,68
"2024-11-25 00:00:00";476766,16
"2024-11-26 00:00:00";477263,75
"2024-11-27 00:00:00";476604,49
"2024-11-28 00:00:00";477005,77
"2024-12-01 00:00:00";474812,53
"2024-12-02 00:00:00";474274,98
"2024-12-03 00:00:00";475246,64
"2024-12-04 00:00:00";475656,09
"2024-12-05 00:00:00";466185,76
"2024-12-06 00:00:00";475331,85
"2024-12-07 00:00:00";452371,7
"2024-12-08 00:00:00";473758,6
"2024-12-09 00:00:00";474811,21
"2024-12-10 00:00:00";474273,71
"2024-12-11 00:00:00";442686,48
"2024-12-12 00:00:00";474899,53
"2024-12-13 00:00:00";476050,72
"2024-12-14 00:00:00";476751,1
"2024-12-15 00:00:00";477851,23
"2024-12-16 00:00:00";477349,62
"2024-12-17 00:00:00";477437,82
"2024-12-18 00:00:00";477158,96
"2024-12-19 00:00:00";476485,24
"2024-12-20 00:00:00";472392,42
"2024-12-21 00:00:00";466631,45
"2024-12-22 00:00:00";476032,52
"2024-12-23 00:00:00";474908,08
"2024-12-24 00:00:00";475249,15
"2024-12-25 00:00:00";476139,04
"2024-12-26 00:00:00";476506,81
"2024-12-27 00:00:00";476143,82
"2024-12-28 00:00:00";475413,69
"2024-12-29 00:00:00";477800,52
"2024-12-30 00:00:00";479201,05
"2024-12-31 00:00:00";480072,84
"2025-01-01 00:00:00";478398,71
"2025-01-02 00:00:00";477816,49
"2025-01-03 00:00:00";479012,18
"2025-01-04 00:00:00";477509,31
"2025-01-05 00:00:00";478887,25
"2025-01-06 00:00:00";479391,69
"2025-01-07 00:00:00";478936,67
"2025-01-08 00:00:00";477423,98
"2025-01-09 00:00:00";477150,79
"2025-01-10 00:00:00";478264,47
"2025-01-11 00:00:00";478586,48
"2025-01-12 00:00:00";477331,83
"2025-01-13 00:00:00";476224,45
"2025-01-14 00:00:00";475851,08
"2025-01-15 00:00:00";471746,79
"2025-01-16 00:00:00";476457,87
"2025-01-17 00:00:00";476639,57
"2025-01-18 00:00:00";475611,26
"2025-01-19 00:00:00";475566,98
"2025-01-20 00:00:00";471019,27
"2025-01-21 00:00:00";467785,58
"2025-01-22 00:00:00";473099,7
"2025-01-23 00:00:00";471428,37
"2025-01-24 00:00:00";471904,62
"2025-01-25 00:00:00";471484,5
"2025-01-26 00:00:00";471797,38
"2025-01-27 00:00:00";472428,15
"2025-01-28 00:00:00";472050,38
"2025-01-29 00:00:00";469114,8
"2025-01-30 00:00:00";472255,62
"2025-01-31 00:00:00";468175,01
"2025-02-01 00:00:00";471221,57
"2025-02-02 00:00:00";474756,24
"2025-02-03 00:00:00";474854,17
"2025-02-04 00:00:00";474754,28
"2025-02-05 00:00:00";474025,24
"2025-02-06 00:00:00";472018,82
"2025-02-07 00:00:00";472021,11
"2025-02-08 00:00:00";469195,05
"2025-02-09 00:00:00";472315,85
"2025-02-10 00:00:00";471825,62
"2025-02-11 00:00:00";469682,45
"2025-02-12 00:00:00";470370,68
"2025-02-13 00:00:00";466060,44
"2025-02-14 00:00:00";463893,3
"2025-02-15 00:00:00";463680,49
"2025-02-16 00:00:00";465079,51
"2025-02-17 00:00:00";467838,64
"2025-02-18 00:00:00";469190,34
"2025-02-19 00:00:00";465187,3
"2025-02-20 00:00:00";468692,02
"2025-02-21 00:00:00";468316,48
"2025-02-22 00:00:00";469072,08
"2025-02-23 00:00:00";469080,34
"2025-02-24 00:00:00";470449,22
"2025-02-25 00:00:00";468598,02
"2025-02-26 00:00:00";469756,99
"2025-02-27 00:00:00";464600,53
"2025-02-28 00:00:00";468401,74
"2025-03-01 00:00:00";470255,25
"2025-03-02 00:00:00";471647,37
"2025-03-03 00:00:00";470510,92
"2025-03-04 00:00:00";470738,49
"2025-03-05 00:00:00";470703,33
"2025-03-06 00:00:00";468085,39
"2025-03-07 00:00:00";456434,17
"2025-03-08 00:00:00";463654,72
"2025-03-09 00:00:00";469236,52
"2025-03-10 00:00:00";468033,66
"2025-03-11 00:00:00";467452,52
"2025-03-12 00:00:00";468565,06
"2025-03-13 00:00:00";466510,98
"2025-03-14 00:00:00";468908,97
"2025-03-15 00:00:00";440334,44
"2025-03-16 00:00:00";388039,33
"2025-03-17 00:00:00";377096,73
"2025-03-18 00:00:00";363601,69
"2025-03-19 00:00:00";365747,33
"2025-03-20 00:00:00";398270,39
"2025-03-21 00:00:00";438949,37
"2025-03-22 00:00:00";454322,61
"2025-03-23 00:00:00";467233,48
"2025-03-24 00:00:00";467358,39
"2025-03-25 00:00:00";469854,13
"2025-03-26 00:00:00";469143,86
"2025-03-27 00:00:00";468001,26
"2025-03-28 00:00:00";470137,2
"2025-03-29 00:00:00";467446,8
"2025-03-30 00:00:00";470511,75
"2025-03-31 00:00:00";469284,64
"2025-04-01 00:00:00";466407,86
"2025-04-02 00:00:00";469648,26
"2025-04-03 00:00:00";470391,86
"2025-04-04 00:00:00";470999,49
"2025-04-05 00:00:00";470033,03
"2025-04-06 00:00:00";471963,59
"2025-04-07 00:00:00";470573,77
"2025-04-08 00:00:00";473642,59
"2025-04-09 00:00:00";472314,51
"2025-04-10 00:00:00";473046,19
"2025-04-11 00:00:00";472531,6
"2025-04-12 00:00:00";466621,5
"2025-04-13 00:00:00";472848,44
"2025-04-14 00:00:00";472489,34
"2025-04-15 00:00:00";472165,01
"2025-04-16 00:00:00";472644,28
"2025-04-17 00:00:00";473247,36
"2025-04-18 00:00:00";473148,11
"2025-04-19 00:00:00";467527,68
"2025-04-20 00:00:00";473069,6
"2025-04-21 00:00:00";467026,94
"2025-04-22 00:00:00";468966,46
"2025-04-23 00:00:00";474151,54
"2025-04-24 00:00:00";471539,1
"2025-04-25 00:00:00";473828,31
"2025-04-26 00:00:00";473675,39
"2025-04-27 00:00:00";472606,32
"2025-04-28 00:00:00";470370,34
"2025-04-29 00:00:00";473677,63
"2025-04-30 00:00:00";473563,17
"2025-05-01 00:00:00";473084,08
"2025-05-02 00:00:00";472899,16
"2025-05-03 00:00:00";468280,34
"2025-05-04 00:00:00";471336,47
"2025-05-05 00:00:00";465971,25
"2025-05-06 00:00:00";470684,09
"2025-05-07 00:00:00";471405,24
"2025-05-08 00:00:00";466542,84
"2025-05-09 00:00:00";454389,98
"2025-05-10 00:00:00";450516,34
"2025-05-11 00:00:00";451530,48
"2025-05-12 00:00:00";451771,91
"2025-05-13 00:00:00";467460,25
"2025-05-14 00:00:00";462189,01
"2025-05-15 00:00:00";466974,12
"2025-05-16 00:00:00";467705,18
"2025-05-17 00:00:00";469232,26
"2025-05-18 00:00:00";469002,09
"2025-05-19 00:00:00";470268,3
"2025-05-20 00:00:00";465996,21
"2025-05-21 00:00:00";467665,36
"2025-05-22 00:00:00";471928,01
"2025-05-23 00:00:00";470645,44
"2025-05-24 00:00:00";473926,32
"2025-05-25 00:00:00";474091,52
"2025-05-26 00:00:00";472840,16
"2025-05-27 00:00:00";466336,93
"2025-05-28 00:00:00";468188,27
"2025-05-29 00:00:00";448553,17
"2025-05-30 00:00:00";467679,77
"2025-05-31 00:00:00";471774,29
"2025-06-01 00:00:00";471368,33
"2025-06-02 00:00:00";472216,94
"2025-06-03 00:00:00";470941,95
"2025-06-04 00:00:00";468559,56
"2025-06-05 00:00:00";472040,07
"2025-06-06 00:00:00";472442,43
"2025-06-07 00:00:00";474000,7
"2025-06-08 00:00:00";472900,64
"2025-06-09 00:00:00";468797,08
"2025-06-10 00:00:00";472403,75
"2025-06-11 00:00:00";471707,29
"2025-06-12 00:00:00";471760,83
"2025-06-13 00:00:00";470580,35
"2025-06-14 00:00:00";468861,49
"2025-06-15 00:00:00";467627,23
"2025-06-16 00:00:00";466118,74
"2025-06-17 00:00:00";467485,84
"2025-06-18 00:00:00";465718,62
"2025-06-19 00:00:00";466485,56
"2025-06-20 00:00:00";465632,1
"2025-06-21 00:00:00";465741,04
"2025-06-22 00:00:00";466419,29
"2025-06-23 00:00:00";462899,75
"2025-06-24 00:00:00";455827,42
"2025-06-25 00:00:00";462241,96
"2025-06-26 00:00:00";463909,08
"2025-06-27 00:00:00";461067,52
"2025-06-28 00:00:00";448567,59
"2025-06-29 00:00:00";463599,05
"2025-06-30 00:00:00";464008,25
"2025-07-01 00:00:00";464634,18
"2025-07-02 00:00:00";332127,71
"2025-07-03 00:00:00";285481,4
"2025-07-04 00:00:00";247840,79
"2025-07-05 00:00:00";215264,21
"2025-07-06 00:00:00";167067,12
"2025-07-07 00:00:00";134152,92
"2025-07-08 00:00:00";94848,48
"2025-07-09 00:00:00";79424,53
"2025-07-10 00:00:00";68527,66
"2025-07-11 00:00:00";63518,19
"2025-07-12 00:00:00";62641,11
"2025-07-13 00:00:00";60111,48
"2025-07-14 00:00:00";56780,15
"2025-07-15 00:00:00";50671,19
"2025-07-16 00:00:00";36021,66
"2025-07-17 00:00:00";35021,06
"2025-07-18 00:00:00";34406,01
"2025-07-19 00:00:00";34314,47
"2025-07-20 00:00:00";33943,79
"2025-07-21 00:00:00";32998,05
"2025-07-22 00:00:00";31831,21
"2025-07-23 00:00:00";43193,17
"2025-07-24 00:00:00";76929,85
"2025-07-25 00:00:00";93835,79
"2025-07-26 00:00:00";113328,37
"2025-07-27 00:00:00";192126,9
"2025-07-28 00:00:00";251677,23
"2025-07-29 00:00:00";341977,38
"2025-07-30 00:00:00";403833,68
"2025-07-31 00:00:00";435048,6
"2025-08-01 00:00:00";444205,23
"2025-08-02 00:00:00";452782,84
"2025-08-03 00:00:00";458762,33
"2025-08-04 00:00:00";464456,45
"2025-08-05 00:00:00";465241,69
"2025-08-06 00:00:00";465758,99
"2025-08-07 00:00:00";467692,95
"2025-08-08 00:00:00";468701,87
"2025-08-09 00:00:00";466079,26
"2025-08-10 00:00:00";463521,58
"2025-08-11 00:00:00";467053,05
"2025-08-12 00:00:00";470125,96
"2025-08-13 00:00:00";470629,88
"2025-08-14 00:00:00";471070,95
"2025-08-15 00:00:00";471731,28
"2025-08-16 00:00:00";468714,51
"2025-08-17 00:00:00";472073,14
"2025-08-18 00:00:00";472781,38
"2025-08-19 00:00:00";472941,5
"2025-08-20 00:00:00";471764,64
"2025-08-21 00:00:00";472594,65
"2025-08-22 00:00:00";472502,99
"2025-08-23 00:00:00";472701,32
"2025-08-24 00:00:00";470754,06
"2025-08-25 00:00:00";471816,91
"2025-08-26 00:00:00";472228,51
"2025-08-27 00:00:00";470299,03
"2025-08-28 00:00:00";471480,29
"2025-08-29 00:00:00";472687,6
"2025-08-30 00:00:00";465317,28
"2025-08-31 00:00:00";470949,06
"2025-09-01 00:00:00";474500,15
"2025-09-02 00:00:00";473715,82
"2025-09-03 00:00:00";474566,08
"2025-09-04 00:00:00";469089,65
"2025-09-05 00:00:00";463315,93
"2025-09-06 00:00:00";467739,99
"2025-09-07 00:00:00";468203,74
"2025-09-08 00:00:00";469805,62
"2025-09-09 00:00:00";468184,63
"2025-09-10 00:00:00";469693,47
"2025-09-11 00:00:00";471569,92
"2025-09-12 00:00:00";470045,98
"2025-09-13 00:00:00";468823,94
"2025-09-14 00:00:00";470269,4
"2025-09-15 00:00:00";471015,33
"2025-09-16 00:00:00";470987,72
"2025-09-17 00:00:00";470989
"2025-09-18 00:00:00";470671,45
"2025-09-19 00:00:00";470854,92
"2025-09-20 00:00:00";469653,43
"2025-09-21 00:00:00";471564,58
"2025-09-22 00:00:00";471073,21
"2025-09-23 00:00:00";468567,97
"2025-09-24 00:00:00";467526,34
"2025-09-25 00:00:00";467936,6
"2025-09-26 00:00:00";468866,62
"2025-09-27 00:00:00";468206,94
"2025-09-28 00:00:00";469891,26
"2025-09-29 00:00:00";469403,35
"2025-09-30 00:00:00";468728,97
"2025-10-01 00:00:00";468531,82
"2025-10-02 00:00:00";471199,22
"2025-10-03 00:00:00";471284,79
"2025-10-04 00:00:00";471390,36
"2025-10-05 00:00:00";471988,32
"2025-10-06 00:00:00";462423,54
"2025-10-07 00:00:00";472213,02
"2025-10-08 00:00:00";465672,09
"2025-10-09 00:00:00";471493,61
"2025-10-10 00:00:00";471333,51
"2025-10-11 00:00:00";473423,63
"2025-10-12 00:00:00";474346,24
"2025-10-13 00:00:00";474657,84
"2025-10-14 00:00:00";474802,15
"2025-10-15 00:00:00";475799,7
"2025-10-16 00:00:00";475769,68
"2025-10-17 00:00:00";475494,35
"2025-10-18 00:00:00";475673,98
"2025-10-19 00:00:00";475798,16
"2025-10-20 00:00:00";474451,25
"2025-10-21 00:00:00";445526,65
"2025-10-22 00:00:00";465095,65
"2025-10-23 00:00:00";465758,97
"2025-10-24 00:00:00";468908,53
"2025-10-25 00:00:00";472630,5
"2025-10-26 00:00:00";475061,97
"2025-10-27 00:00:00";475313,97
"2025-10-28 00:00:00";474925,07
"2025-10-29 00:00:00";474743,03
"2025-10-30 00:00:00";474521,81
"2025-10-31 00:00:00";472283,96
"2025-11-01 00:00:00";473124,7
"2025-11-02 00:00:00";471804,05
"2025-11-03 00:00:00";470484,82
"2025-11-04 00:00:00";474369,9
"2025-11-05 00:00:00";475119,44
"2025-11-06 00:00:00";474615,45
"2025-11-07 00:00:00";473772,89
"2025-11-08 00:00:00";466936,93
"2025-11-09 00:00:00";471570,27
"2025-11-10 00:00:00";471734
"2025-11-11 00:00:00";470613,73
"2025-11-12 00:00:00";471774,5
"2025-11-13 00:00:00";472093,67
"2025-11-14 00:00:00";472422,17
"2025-11-15 00:00:00";473137,82
"2025-11-16 00:00:00";472763,9
"2025-11-17 00:00:00";407048,39
"2025-11-18 00:00:00";466389,4
"2025-11-19 00:00:00";464212,7
"2025-11-20 00:00:00";470745,17
"2025-11-21 00:00:00";472297,28
"2025-11-22 00:00:00";469038,05
"2025-11-23 00:00:00";468314,52
"2025-11-24 00:00:00";470332,99
"2025-11-25 00:00:00";439208,25
"2025-11-26 00:00:00";468297,19
"2025-11-27 00:00:00";466830,74
"2025-11-28 00:00:00";468179,5
"2025-11-29 00:00:00";467397,67
"2025-11-30 00:00:00";467046,72
"2025-12-01 00:00:00";460702,86
"2025-12-02 00:00:00";465047,84
"2025-12-03 00:00:00";466957,27
"2025-12-04 00:00:00";467047,05
"2025-12-05 00:00:00";465124,15
"2025-12-06 00:00:00";462999,7
"2025-12-07 00:00:00";460105,7
"2025-12-08 00:00:00";465866,5
"2025-12-09 00:00:00";464521,31
"2025-12-10 00:00:00";466833,25
"2025-12-11 00:00:00";466852,71
"2025-12-12 00:00:00";463502,77
"2025-12-13 00:00:00";468446,64
"2025-12-14 00:00:00";466882,12
"2025-12-15 00:00:00";464403,97
"2025-12-16 00:00:00";463993,6
"2025-12-17 00:00:00";468276,48
"2025-12-18 00:00:00";470745,59
"2025-12-19 00:00:00";465565,21
"2025-12-20 00:00:00";462253,52
"2025-12-21 00:00:00";469263,28
"2025-12-22 00:00:00";469879,88
"2025-12-23 00:00:00";470722,86
"2025-12-24 00:00:00";470826,73
"2025-12-25 00:00:00";471173,89
"2025-12-26 00:00:00";470328,84
"2025-12-27 00:00:00";470069,89
"2025-12-28 00:00:00";470361,47
"2025-12-29 00:00:00";470870,1
"2025-12-30 00:00:00";471986,2
"2025-12-31 00:00:00";472610,99
"2026-01-01 00:00:00";472017,61
"2026-01-02 00:00:00";472169,73
"2026-01-03 00:00:00";463181,29
"2026-01-04 00:00:00";469959,33
"2026-01-05 00:00:00";454847,86
"2026-01-06 00:00:00";469523,05
"2026-01-07 00:00:00";468551,74
"2026-01-08 00:00:00";463338,98
"2026-01-09 00:00:00";467445,11
"2026-01-10 00:00:00";467324,19
"2026-01-11 00:00:00";467399,79
"2026-01-12 00:00:00";466058,73
"2026-01-13 00:00:00";466996,19
"2026-01-14 00:00:00";466435,56
"2026-01-15 00:00:00";467407,91
"2026-01-16 00:00:00";465262,84
"2026-01-17 00:00:00";467292,96
"2026-01-18 00:00:00";469066,36
"2026-01-19 00:00:00";467862,05
"2026-01-20 00:00:00";469016,2
"2026-01-21 00:00:00";467959,38
"2026-01-22 00:00:00";465735,35
"2026-01-23 00:00:00";468971
"2026-01-24 00:00:00";444305,22
"2026-01-25 00:00:00";468822,4
"2026-01-26 00:00:00";467251,09
"2026-01-27 00:00:00";467259
"2026-01-28 00:00:00";465352,72